mode;vector_size;samples;use_float_4;n_thread_host;n_device;d0_size;d0_mode_in;d0_mode_out;d1_size;d1_mode_in;d1_mode_out;d2_size;d2_mode_in;d2_mode_out;extechWatt;completionTime;gpuBusy_1;aluInsts_1;fetchInsts_1;wrInsts_1;waveFronts_1;AluBusy_1;aluFetchRatio_1;aluPacking_1;aluPacking_1;fetchUnitBusy_1;fetchUnitStalled_1;fetchSize_1;cacheHit_1;writeUnitStalled_1;ldsFetchInst_1;aluStalledByLds_1;ldsBankConfl_1;fastPath_1;completePath_1;pathUtil_1;gpuBusy_2;aluInsts_2;fetchInsts_2;wrInsts_2;waveFronts_2;AluBusy_2;aluFetchRatio_2;aluPacking_2;aluPacking_2;fetchUnitBusy_2;fetchUnitStalled_2;fetchSize_2;cacheHit_2;writeUnitStalled_2;ldsFetchInst_2;aluStalledByLds_2;ldsBankConfl_2;fastPath_2;completePath_2;pathUtil_2;gpuBusy_3;aluInsts_3;fetchInsts_3;wrInsts_3;waveFronts_3;AluBusy_3;aluFetchRatio_3;aluPacking_3;aluPacking_3;fetchUnitBusy_3;fetchUnitStalled_3;fetchSize_3;cacheHit_3;writeUnitStalled_3;ldsFetchInst_3;aluStalledByLds_3;ldsBankConfl_3;fastPath_3;completePath_3;pathUtil_3;J;
0;65536;100000;1;1;0;-1;-1;-1;-1;-1;-1;-1;-1;-1;90,3785714285714;0,070200003683567;-1;-1;-1;-1;-1;-1;-1;-1;-1;-1;-1;-1;-1;-1;-1;-1;-1;-1;-1;-1;-1;-1;-1;-1;-1;-1;-1;-1;-1;-1;-1;-1;-1;-1;-1;-1;-1;-1;-1;-1;-1;-1;-1;-1;-1;-1;-1;-1;-1;-1;-1;-1;-1;-1;-1;-1;-1;-1;-1;-1;6,34457604720124;
0;131072;50000;1;1;0;-1;-1;-1;-1;-1;-1;-1;-1;-1;95,2;0,140640005469322;-1;-1;-1;-1;-1;-1;-1;-1;-1;-1;-1;-1;-1;-1;-1;-1;-1;-1;-1;-1;-1;-1;-1;-1;-1;-1;-1;-1;-1;-1;-1;-1;-1;-1;-1;-1;-1;-1;-1;-1;-1;-1;-1;-1;-1;-1;-1;-1;-1;-1;-1;-1;-1;-1;-1;-1;-1;-1;-1;-1;13,3889285206795;
0;262144;7693;1;1;0;-1;-1;-1;-1;-1;-1;-1;-1;-1;98,35;0,471078008413315;-1;-1;-1;-1;-1;-1;-1;-1;-1;-1;-1;-1;-1;-1;-1;-1;-1;-1;-1;-1;-1;-1;-1;-1;-1;-1;-1;-1;-1;-1;-1;-1;-1;-1;-1;-1;-1;-1;-1;-1;-1;-1;-1;-1;-1;-1;-1;-1;-1;-1;-1;-1;-1;-1;-1;-1;-1;-1;-1;-1;46,3305221274495;
0;524288;10000;1;1;0;-1;-1;-1;-1;-1;-1;-1;-1;-1;106,1;1,01119995117188;-1;-1;-1;-1;-1;-1;-1;-1;-1;-1;-1;-1;-1;-1;-1;-1;-1;-1;-1;-1;-1;-1;-1;-1;-1;-1;-1;-1;-1;-1;-1;-1;-1;-1;-1;-1;-1;-1;-1;-1;-1;-1;-1;-1;-1;-1;-1;-1;-1;-1;-1;-1;-1;-1;-1;-1;-1;-1;-1;-1;107,288314819336;
0;1048576;2778;1;1;0;-1;-1;-1;-1;-1;-1;-1;-1;-1;106,1;2,31857490539551;-1;-1;-1;-1;-1;-1;-1;-1;-1;-1;-1;-1;-1;-1;-1;-1;-1;-1;-1;-1;-1;-1;-1;-1;-1;-1;-1;-1;-1;-1;-1;-1;-1;-1;-1;-1;-1;-1;-1;-1;-1;-1;-1;-1;-1;-1;-1;-1;-1;-1;-1;-1;-1;-1;-1;-1;-1;-1;-1;-1;246,000797462463;
0;2097152;1640;1;1;0;-1;-1;-1;-1;-1;-1;-1;-1;-1;103,135714285714;4,63414621353149;-1;-1;-1;-1;-1;-1;-1;-1;-1;-1;-1;-1;-1;-1;-1;-1;-1;-1;-1;-1;-1;-1;-1;-1;-1;-1;-1;-1;-1;-1;-1;-1;-1;-1;-1;-1;-1;-1;-1;-1;-1;-1;-1;-1;-1;-1;-1;-1;-1;-1;-1;-1;-1;-1;-1;-1;-1;-1;-1;-1;477,945979837009;
0;4194304;918;1;1;0;-1;-1;-1;-1;-1;-1;-1;-1;-1;101,475;9,06535911560059;-1;-1;-1;-1;-1;-1;-1;-1;-1;-1;-1;-1;-1;-1;-1;-1;-1;-1;-1;-1;-1;-1;-1;-1;-1;-1;-1;-1;-1;-1;-1;-1;-1;-1;-1;-1;-1;-1;-1;-1;-1;-1;-1;-1;-1;-1;-1;-1;-1;-1;-1;-1;-1;-1;-1;-1;-1;-1;-1;-1;919,907316255569;
0;8388608;463;1;1;0;-1;-1;-1;-1;-1;-1;-1;-1;-1;99,45625;18,323974609375;-1;-1;-1;-1;-1;-1;-1;-1;-1;-1;-1;-1;-1;-1;-1;-1;-1;-1;-1;-1;-1;-1;-1;-1;-1;-1;-1;-1;-1;-1;-1;-1;-1;-1;-1;-1;-1;-1;-1;-1;-1;-1;-1;-1;-1;-1;-1;-1;-1;-1;-1;-1;-1;-1;-1;-1;-1;-1;-1;-1;1822,43379974365;
0;16777216;264;1;1;0;-1;-1;-1;-1;-1;-1;-1;-1;-1;100,19;36,7689399719238;-1;-1;-1;-1;-1;-1;-1;-1;-1;-1;-1;-1;-1;-1;-1;-1;-1;-1;-1;-1;-1;-1;-1;-1;-1;-1;-1;-1;-1;-1;-1;-1;-1;-1;-1;-1;-1;-1;-1;-1;-1;-1;-1;-1;-1;-1;-1;-1;-1;-1;-1;-1;-1;-1;-1;-1;-1;-1;-1;-1;3683,88009578705;
0;33554432;134;1;1;0;-1;-1;-1;-1;-1;-1;-1;-1;-1;100,855;73,9477615356445;-1;-1;-1;-1;-1;-1;-1;-1;-1;-1;-1;-1;-1;-1;-1;-1;-1;-1;-1;-1;-1;-1;-1;-1;-1;-1;-1;-1;-1;-1;-1;-1;-1;-1;-1;-1;-1;-1;-1;-1;-1;-1;-1;-1;-1;-1;-1;-1;-1;-1;-1;-1;-1;-1;-1;-1;-1;-1;-1;-1;7458,00148967743;
0;67108864;67;1;1;0;-1;-1;-1;-1;-1;-1;-1;-1;-1;97,4136363636364;148,283584594727;-1;-1;-1;-1;-1;-1;-1;-1;-1;-1;-1;-1;-1;-1;-1;-1;-1;-1;-1;-1;-1;-1;-1;-1;-1;-1;-1;-1;-1;-1;-1;-1;-1;-1;-1;-1;-1;-1;-1;-1;-1;-1;-1;-1;-1;-1;-1;-1;-1;-1;-1;-1;-1;-1;-1;-1;-1;-1;-1;-1;14444,8431884072;
1;65536;9091;1;4;0;-1;-1;-1;-1;-1;-1;-1;-1;-1;74,5;0,49202498793602;-1;-1;-1;-1;-1;-1;-1;-1;-1;-1;-1;-1;-1;-1;-1;-1;-1;-1;-1;-1;-1;-1;-1;-1;-1;-1;-1;-1;-1;-1;-1;-1;-1;-1;-1;-1;-1;-1;-1;-1;-1;-1;-1;-1;-1;-1;-1;-1;-1;-1;-1;-1;-1;-1;-1;-1;-1;-1;-1;-1;36,6558616012335;
1;131072;7693;1;4;0;-1;-1;-1;-1;-1;-1;-1;-1;-1;97,92;0,569868981838226;-1;-1;-1;-1;-1;-1;-1;-1;-1;-1;-1;-1;-1;-1;-1;-1;-1;-1;-1;-1;-1;-1;-1;-1;-1;-1;-1;-1;-1;-1;-1;-1;-1;-1;-1;-1;-1;-1;-1;-1;-1;-1;-1;-1;-1;-1;-1;-1;-1;-1;-1;-1;-1;-1;-1;-1;-1;-1;-1;-1;55,8015707015991;
1;262144;4348;1;4;0;-1;-1;-1;-1;-1;-1;-1;-1;-1;103,529166666667;0,868674993515015;-1;-1;-1;-1;-1;-1;-1;-1;-1;-1;-1;-1;-1;-1;-1;-1;-1;-1;-1;-1;-1;-1;-1;-1;-1;-1;-1;-1;-1;-1;-1;-1;-1;-1;-1;-1;-1;-1;-1;-1;-1;-1;-1;-1;-1;-1;-1;-1;-1;-1;-1;-1;-1;-1;-1;-1;-1;-1;-1;-1;89,9331981827815;
1;524288;6667;1;4;0;-1;-1;-1;-1;-1;-1;-1;-1;-1;104,05;1,373330950737;-1;-1;-1;-1;-1;-1;-1;-1;-1;-1;-1;-1;-1;-1;-1;-1;-1;-1;-1;-1;-1;-1;-1;-1;-1;-1;-1;-1;-1;-1;-1;-1;-1;-1;-1;-1;-1;-1;-1;-1;-1;-1;-1;-1;-1;-1;-1;-1;-1;-1;-1;-1;-1;-1;-1;-1;-1;-1;-1;-1;142,895085424185;
1;1048576;2440;1;4;0;-1;-1;-1;-1;-1;-1;-1;-1;-1;104,45;2,53729510307312;-1;-1;-1;-1;-1;-1;-1;-1;-1;-1;-1;-1;-1;-1;-1;-1;-1;-1;-1;-1;-1;-1;-1;-1;-1;-1;-1;-1;-1;-1;-1;-1;-1;-1;-1;-1;-1;-1;-1;-1;-1;-1;-1;-1;-1;-1;-1;-1;-1;-1;-1;-1;-1;-1;-1;-1;-1;-1;-1;-1;265,020473515987;
1;2097152;1450;1;4;0;-1;-1;-1;-1;-1;-1;-1;-1;-1;104,241666666667;4,45517206192017;-1;-1;-1;-1;-1;-1;-1;-1;-1;-1;-1;-1;-1;-1;-1;-1;-1;-1;-1;-1;-1;-1;-1;-1;-1;-1;-1;-1;-1;-1;-1;-1;-1;-1;-1;-1;-1;-1;-1;-1;-1;-1;-1;-1;-1;-1;-1;-1;-1;-1;-1;-1;-1;-1;-1;-1;-1;-1;-1;-1;464,414561021328;
1;4194304;807;1;4;0;-1;-1;-1;-1;-1;-1;-1;-1;-1;103,985714285714;8,57992553710938;-1;-1;-1;-1;-1;-1;-1;-1;-1;-1;-1;-1;-1;-1;-1;-1;-1;-1;-1;-1;-1;-1;-1;-1;-1;-1;-1;-1;-1;-1;-1;-1;-1;-1;-1;-1;-1;-1;-1;-1;-1;-1;-1;-1;-1;-1;-1;-1;-1;-1;-1;-1;-1;-1;-1;-1;-1;-1;-1;-1;892,189685494559;
1;8388608;532;1;4;0;-1;-1;-1;-1;-1;-1;-1;-1;-1;103,577777777778;16,7763156890869;-1;-1;-1;-1;-1;-1;-1;-1;-1;-1;-1;-1;-1;-1;-1;-1;-1;-1;-1;-1;-1;-1;-1;-1;-1;-1;-1;-1;-1;-1;-1;-1;-1;-1;-1;-1;-1;-1;-1;-1;-1;-1;-1;-1;-1;-1;-1;-1;-1;-1;-1;-1;-1;-1;-1;-1;-1;-1;-1;-1;1737,65349837409;
1;16777216;291;1;4;0;-1;-1;-1;-1;-1;-1;-1;-1;-1;104,688888888889;32,9244003295898;-1;-1;-1;-1;-1;-1;-1;-1;-1;-1;-1;-1;-1;-1;-1;-1;-1;-1;-1;-1;-1;-1;-1;-1;-1;-1;-1;-1;-1;-1;-1;-1;-1;-1;-1;-1;-1;-1;-1;-1;-1;-1;-1;-1;-1;-1;-1;-1;-1;-1;-1;-1;-1;-1;-1;-1;-1;-1;-1;-1;3446,81888783773;
1;33554432;152;1;4;0;-1;-1;-1;-1;-1;-1;-1;-1;-1;103,28;66,059211730957;-1;-1;-1;-1;-1;-1;-1;-1;-1;-1;-1;-1;-1;-1;-1;-1;-1;-1;-1;-1;-1;-1;-1;-1;-1;-1;-1;-1;-1;-1;-1;-1;-1;-1;-1;-1;-1;-1;-1;-1;-1;-1;-1;-1;-1;-1;-1;-1;-1;-1;-1;-1;-1;-1;-1;-1;-1;-1;-1;-1;6822,59538757324;
1;67108864;78;1;4;0;-1;-1;-1;-1;-1;-1;-1;-1;-1;104,105;128,358978271484;-1;-1;-1;-1;-1;-1;-1;-1;-1;-1;-1;-1;-1;-1;-1;-1;-1;-1;-1;-1;-1;-1;-1;-1;-1;-1;-1;-1;-1;-1;-1;-1;-1;-1;-1;-1;-1;-1;-1;-1;-1;-1;-1;-1;-1;-1;-1;-1;-1;-1;-1;-1;-1;-1;-1;-1;-1;-1;-1;-1;13362,8114329529;
2;65536;3334;1;4;1;0;0;0;-1;-1;-1;-1;-1;-1;100,939473684211;2,78584289550781;6,166907787323;10;2;1;213376;0,475371986627579;5;32;0,909174978733063;0,57771897315979;426752;0;5,80000014451798E-05;0;0;0;0;213376;0;100;-1;-1;-1;-1;-1;-1;-1;-1;-1;-1;-1;-1;-1;-1;-1;-1;-1;-1;-1;-1;-1;-1;-1;-1;-1;-1;-1;-1;-1;-1;-1;-1;-1;-1;-1;-1;-1;-1;-1;-1;281,201515639456;
2;131072;3226;1;4;1;0;0;0;-1;-1;-1;-1;-1;-1;99,1815789473684;2,91320490837097;7,5844898223877;10;2;1;412928;0,736024975776672;5;32;1,77464401721954;1,1987669467926;825856;0;0,745787024497986;0;0;0;0;412928;0;100;-1;-1;-1;-1;-1;-1;-1;-1;-1;-1;-1;-1;-1;-1;-1;-1;-1;-1;-1;-1;-1;-1;-1;-1;-1;-1;-1;-1;-1;-1;-1;-1;-1;-1;-1;-1;-1;-1;-1;-1;288,936262609457;
2;262144;2703;1;4;1;0;0;0;-1;-1;-1;-1;-1;-1;102,347368421053;3,5238618850708;8,96877193450928;10;2;1;691968;1,03006196022034;5;32;3,36144399642944;2,58189010620117;1383936;0;3,13825607299805;0;0;0;0;692105,5;0;100;-1;-1;-1;-1;-1;-1;-1;-1;-1;-1;-1;-1;-1;-1;-1;-1;-1;-1;-1;-1;-1;-1;-1;-1;-1;-1;-1;-1;-1;-1;-1;-1;-1;-1;-1;-1;-1;-1;-1;-1;360,657990616246;
2;524288;2174;1;4;1;0;0;0;-1;-1;-1;-1;-1;-1;126,597222222222;3,84498596191406;3,81279897689819;10;2;1;1113088;1,42664897441864;5;32;6,07785606384277;5,00063180923462;2226176;0;7,88542222976685;0;0;0;0;1113292,5;0;100;-1;-1;-1;-1;-1;-1;-1;-1;-1;-1;-1;-1;-1;-1;-1;-1;-1;-1;-1;-1;-1;-1;-1;-1;-1;-1;-1;-1;-1;-1;-1;-1;-1;-1;-1;-1;-1;-1;-1;-1;486,764542261759;
2;1048576;1588;1;4;1;0;0;0;-1;-1;-1;-1;-1;-1;131,905882352941;5,35201501846313;3,76623606681824;10;2;1;1626112;1,70824205875397;5;32;4,65674495697021;3,33336997032166;3252224;0;12,5113954544067;0;0;0;0;1626397,375;0;100;-1;-1;-1;-1;-1;-1;-1;-1;-1;-1;-1;-1;-1;-1;-1;-1;-1;-1;-1;-1;-1;-1;-1;-1;-1;-1;-1;-1;-1;-1;-1;-1;-1;-1;-1;-1;-1;-1;-1;-1;705,962263376573;
2;2097152;1137;1;4;1;0;0;0;-1;-1;-1;-1;-1;-1;131,497368421053;8,11961269378662;5,44531106948853;10;2;1;2328576;1,54492104053497;5;32;2,72518491744995;1,5102219581604;4657152;0;11,8477172851563;0;0;0;0;2328963,25;0;100;-1;-1;-1;-1;-1;-1;-1;-1;-1;-1;-1;-1;-1;-1;-1;-1;-1;-1;-1;-1;-1;-1;-1;-1;-1;-1;-1;-1;-1;-1;-1;-1;-1;-1;-1;-1;-1;-1;-1;-1;1067,70770183111;
2;4194304;690;1;4;1;0;0;0;-1;-1;-1;-1;-1;-1;132,641666666667;13,3971014022827;6,79428577423096;10;2;1;2826240;1,48362302780151;5;32;1,90033197402954;0,725345015525818;5652480;0;10,8152875900269;0;0;0;0;2826630,5;0;100;-1;-1;-1;-1;-1;-1;-1;-1;-1;-1;-1;-1;-1;-1;-1;-1;-1;-1;-1;-1;-1;-1;-1;-1;-1;-1;-1;-1;-1;-1;-1;-1;-1;-1;-1;-1;-1;-1;-1;-1;1777,01385850112;
2;8388608;240;1;4;1;0;0;0;-1;-1;-1;-1;-1;-1;Non un numero reale;42,7333335876465;16,0231819152832;10;2;1;1966080;0,645564019680023;5;32;2,10981392860413;1,61620903015137;3932160;0;2,70973300933838;0;0;0;0;1966169,25;0;100;-1;-1;-1;-1;-1;-1;-1;-1;-1;-1;-1;-1;-1;-1;-1;-1;-1;-1;-1;-1;-1;-1;-1;-1;-1;-1;-1;-1;-1;-1;-1;-1;-1;-1;-1;-1;-1;-1;-1;-1;Non un numero reale;
2;16777216;216;1;4;1;0;0;0;-1;-1;-1;-1;-1;-1;150,868421052632;45,1527786254883;7,64101409912109;10;2;1;3538944;1,12512397766113;5;32;1,10858404636383;0,210988998413086;7077888;0;7,30117416381836;0;0;0;0;3539280;0;100;-1;-1;-1;-1;-1;-1;-1;-1;-1;-1;-1;-1;-1;-1;-1;-1;-1;-1;-1;-1;-1;-1;-1;-1;-1;-1;-1;-1;-1;-1;-1;-1;-1;-1;-1;-1;-1;-1;-1;-1;6812,12841736643;
2;33554432;110;1;4;1;0;0;0;-1;-1;-1;-1;-1;-1;144,98;87,4909057617188;13,6273174285889;10;2;1;3604480;0,649764001369476;5;32;0,587019026279449;0,0683569982647896;7208960;0;4,06323385238647;0;0;0;0;3604801,5;0;100;-1;-1;-1;-1;-1;-1;-1;-1;-1;-1;-1;-1;-1;-1;-1;-1;-1;-1;-1;-1;-1;-1;-1;-1;-1;-1;-1;-1;-1;-1;-1;-1;-1;-1;-1;-1;-1;-1;-1;-1;12684,431517334;
2;67108864;56;1;4;1;0;0;0;-1;-1;-1;-1;-1;-1;147,645;178,821426391602;13,4387502670288;10;2;1;3670016;0,651525020599365;5;32;1,11940896511078;0,608087003231049;7340032;0;4,33506488800049;0;0;0;0;3670352,25;0;100;-1;-1;-1;-1;-1;-1;-1;-1;-1;-1;-1;-1;-1;-1;-1;-1;-1;-1;-1;-1;-1;-1;-1;-1;-1;-1;-1;-1;-1;-1;-1;-1;-1;-1;-1;-1;-1;-1;-1;-1;26402,089499588;
2;65536;6250;1;4;1;0;1;1;-1;-1;-1;-1;-1;-1;99,0131578947368;1,52608001232147;11,0800275802612;10;2;1;400000;0,493364989757538;5;32;6,86765098571777;7,08729696273804;800000;0;0,313659995794296;0;0;0;0;400000;0;100;-1;-1;-1;-1;-1;-1;-1;-1;-1;-1;-1;-1;-1;-1;-1;-1;-1;-1;-1;-1;-1;-1;-1;-1;-1;-1;-1;-1;-1;-1;-1;-1;-1;-1;-1;-1;-1;-1;-1;-1;151,102001219988;
2;131072;5556;1;4;1;0;1;1;-1;-1;-1;-1;-1;-1;78,7;1,72642195224762;13,9311084747314;10;2;1;711168;0,676325976848602;5;32;30,3706150054932;30,8109931945801;1422336;0;1,95032095909119;0;0;0;0;711168;0;100;-1;-1;-1;-1;-1;-1;-1;-1;-1;-1;-1;-1;-1;-1;-1;-1;-1;-1;-1;-1;-1;-1;-1;-1;-1;-1;-1;-1;-1;-1;-1;-1;-1;-1;-1;-1;-1;-1;-1;-1;135,869407641888;
2;262144;4167;1;4;1;0;1;1;-1;-1;-1;-1;-1;-1;100,058823529412;2,09743189811707;18,6487503051758;10;2;1;1066752;0,835292994976044;5;32;55,1606597900391;55,2828330993652;2133504;0;17,7017078399658;0;0;0;0;1066752;0;100;-1;-1;-1;-1;-1;-1;-1;-1;-1;-1;-1;-1;-1;-1;-1;-1;-1;-1;-1;-1;-1;-1;-1;-1;-1;-1;-1;-1;-1;-1;-1;-1;-1;-1;-1;-1;-1;-1;-1;-1;209,866568158655;
2;524288;3125;1;4;1;0;1;1;-1;-1;-1;-1;-1;-1;122,66;2,33471989631653;21,7558517456055;10;2;1;1600000;0,606271982192993;5;32;67,7640075683594;68,0066680908203;3200000;0;56,9144554138184;0;0;0;0;1600070,125;0;100;-1;-1;-1;-1;-1;-1;-1;-1;-1;-1;-1;-1;-1;-1;-1;-1;-1;-1;-1;-1;-1;-1;-1;-1;-1;-1;-1;-1;-1;-1;-1;-1;-1;-1;-1;-1;-1;-1;-1;-1;286,376742482185;
2;1048576;1887;1;4;1;0;1;1;-1;-1;-1;-1;-1;-1;153,439285714286;3,72602009773254;28,6829242706299;10;2;1;1932288;0,227347999811172;5;32;39,6245307922363;40,4225082397461;3864576;0;91,5407257080078;0;0;0;0;1933606;0;100;-1;-1;-1;-1;-1;-1;-1;-1;-1;-1;-1;-1;-1;-1;-1;-1;-1;-1;-1;-1;-1;-1;-1;-1;-1;-1;-1;-1;-1;-1;-1;-1;-1;-1;-1;-1;-1;-1;-1;-1;571,717862353155;
2;2097152;1613;1;4;1;0;1;1;-1;-1;-1;-1;-1;-1;151,944736842105;5,88778686523438;29,4196758270264;10;2;1;3303424;0,280952006578445;5;32;22,9878749847412;23,3074111938477;6606848;0;94,7674407958984;0;0;0;0;3304870,75;0;100;-1;-1;-1;-1;-1;-1;-1;-1;-1;-1;-1;-1;-1;-1;-1;-1;-1;-1;-1;-1;-1;-1;-1;-1;-1;-1;-1;-1;-1;-1;-1;-1;-1;-1;-1;-1;-1;-1;-1;-1;894,618225820441;
2;4194304;910;1;4;1;0;1;1;-1;-1;-1;-1;-1;-1;155,666666666667;10,0098896026611;29,8004722595215;10;2;1;3727360;0,321597993373871;5;32;13,3664855957031;13,4195585250854;7454720;0;96,8704986572266;0;0;0;0;3728324;0;100;-1;-1;-1;-1;-1;-1;-1;-1;-1;-1;-1;-1;-1;-1;-1;-1;-1;-1;-1;-1;-1;-1;-1;-1;-1;-1;-1;-1;-1;-1;-1;-1;-1;-1;-1;-1;-1;-1;-1;-1;1558,20614814758;
2;8388608;496;1;4;1;0;1;1;-1;-1;-1;-1;-1;-1;151,513888888889;18,340726852417;30,3502578735352;10;2;1;4063232;0,34875300526619;5;32;7,5538911819458;7,47093820571899;8126464;0;97,7726593017578;0;0;0;0;4064113,5;0;100;-1;-1;-1;-1;-1;-1;-1;-1;-1;-1;-1;-1;-1;-1;-1;-1;-1;-1;-1;-1;-1;-1;-1;-1;-1;-1;-1;-1;-1;-1;-1;-1;-1;-1;-1;-1;-1;-1;-1;-1;2778,87485045857;
2;16777216;262;1;4;1;0;1;1;-1;-1;-1;-1;-1;-1;152,383333333333;35;31,0857162475586;10;2;1;4292608;0,356611996889114;5;32;3,7749080657959;3,5847909450531;8585216;0;96,6879653930664;0;0;0;0;4293497;0;100;-1;-1;-1;-1;-1;-1;-1;-1;-1;-1;-1;-1;-1;-1;-1;-1;-1;-1;-1;-1;-1;-1;-1;-1;-1;-1;-1;-1;-1;-1;-1;-1;-1;-1;-1;-1;-1;-1;-1;-1;5333,41666666667;
2;33554432;130;1;4;1;0;1;1;-1;-1;-1;-1;-1;-1;148,886111111111;67,8692321777344;31,3001556396484;10;2;1;4259840;0,364124000072479;5;32;2,09165096282959;1,85382604598999;8519680;0;94,6870803833008;0;0;0;0;4260535;0;100;-1;-1;-1;-1;-1;-1;-1;-1;-1;-1;-1;-1;-1;-1;-1;-1;-1;-1;-1;-1;-1;-1;-1;-1;-1;-1;-1;-1;-1;-1;-1;-1;-1;-1;-1;-1;-1;-1;-1;-1;10104,78604304;
2;67108864;48;1;4;1;0;1;1;-1;-1;-1;-1;-1;-1;150,489473684211;193,33332824707;21,6745090484619;10;2;1;3145728;0,36981201171875;5;32;1,20803999900818;0,939266979694366;6291456;0;93,0903472900391;0;0;0;0;3146249;0;100;-1;-1;-1;-1;-1;-1;-1;-1;-1;-1;-1;-1;-1;-1;-1;-1;-1;-1;-1;-1;-1;-1;-1;-1;-1;-1;-1;-1;-1;-1;-1;-1;-1;-1;-1;-1;-1;-1;-1;-1;29094,6308135183;
2;65536;7143;1;4;1;0;1;2;-1;-1;-1;-1;-1;-1;100,9;1,29399394989014;9,17943286895752;10;2;1;457152;0,704493999481201;5;32;8,2900447845459;8,9466028213501;914304;0;0,0424659997224808;0;0;0;0;457152;0;100;-1;-1;-1;-1;-1;-1;-1;-1;-1;-1;-1;-1;-1;-1;-1;-1;-1;-1;-1;-1;-1;-1;-1;-1;-1;-1;-1;-1;-1;-1;-1;-1;-1;-1;-1;-1;-1;-1;-1;-1;130,563989543915;
2;131072;6667;1;4;1;0;1;2;-1;-1;-1;-1;-1;-1;95,3131578947369;1,41742897033691;13,4014768600464;10;2;1;853376;0,857297003269196;5;32;35,5887718200684;36,0677947998047;1706752;0;1,66761696338654;0;0;0;0;853376;0;100;-1;-1;-1;-1;-1;-1;-1;-1;-1;-1;-1;-1;-1;-1;-1;-1;-1;-1;-1;-1;-1;-1;-1;-1;-1;-1;-1;-1;-1;-1;-1;-1;-1;-1;-1;-1;-1;-1;-1;-1;135,099631254297;
2;262144;5556;1;4;1;0;1;2;-1;-1;-1;-1;-1;-1;92,695;1,74621999263763;19,459400177002;10;2;1;1422336;0,969465017318726;5;32;62,2912368774414;62,1438980102539;2844672;0;14,7028923034668;0;0;0;0;1422336;0;100;-1;-1;-1;-1;-1;-1;-1;-1;-1;-1;-1;-1;-1;-1;-1;-1;-1;-1;-1;-1;-1;-1;-1;-1;-1;-1;-1;-1;-1;-1;-1;-1;-1;-1;-1;-1;-1;-1;-1;-1;161,865862217545;
2;524288;3226;1;4;1;0;1;2;-1;-1;-1;-1;-1;-1;127,216666666667;1,86670804023743;14,2136201858521;10;2;1;1651712;0,64860999584198;5;32;76,931770324707;77,0009918212891;3303424;0;27,0244960784912;0;0;0;0;1651714,75;0;100;-1;-1;-1;-1;-1;-1;-1;-1;-1;-1;-1;-1;-1;-1;-1;-1;-1;-1;-1;-1;-1;-1;-1;-1;-1;-1;-1;-1;-1;-1;-1;-1;-1;-1;-1;-1;-1;-1;-1;-1;237,476374518871;
2;1048576;2565;1;4;1;0;1;2;-1;-1;-1;-1;-1;-1;124,246428571429;2,64951300621033;21,5844135284424;10;2;1;2626560;0,600961029529572;5;32;85,5815582275391;85,9016952514648;5253120;0;58,1818771362305;0;0;0;0;2626919,25;0;100;-1;-1;-1;-1;-1;-1;-1;-1;-1;-1;-1;-1;-1;-1;-1;-1;-1;-1;-1;-1;-1;-1;-1;-1;-1;-1;-1;-1;-1;-1;-1;-1;-1;-1;-1;-1;-1;-1;-1;-1;329,192528475182;
2;2097152;1725;1;4;1;0;1;2;-1;-1;-1;-1;-1;-1;123,99;4,16985511779785;25,5198726654053;10;2;1;3532800;0,639490008354187;5;32;87,5947418212891;89,720947265625;7065600;0;66,271598815918;0;0;0;0;3533398,5;0;100;-1;-1;-1;-1;-1;-1;-1;-1;-1;-1;-1;-1;-1;-1;-1;-1;-1;-1;-1;-1;-1;-1;-1;-1;-1;-1;-1;-1;-1;-1;-1;-1;-1;-1;-1;-1;-1;-1;-1;-1;517,020336055756;
2;4194304;1011;1;4;1;0;1;2;-1;-1;-1;-1;-1;-1;151,016666666667;7,57270002365112;32,2586212158203;10;2;1;4141056;0,400682002305985;5;32;16,1472072601318;16,1792297363281;8282112;0;96,3211059570313;0;0;0;0;4142019;0;100;-1;-1;-1;-1;-1;-1;-1;-1;-1;-1;-1;-1;-1;-1;-1;-1;-1;-1;-1;-1;-1;-1;-1;-1;-1;-1;-1;-1;-1;-1;-1;-1;-1;-1;-1;-1;-1;-1;-1;-1;1143,60391523838;
2;8388608;559;1;4;1;0;1;2;-1;-1;-1;-1;-1;-1;140,85625;14,055456161499;34,7893753051758;10;2;1;4579328;0,398804992437363;5;32;8,03080081939697;7,87677192687988;9158656;0;97,8211822509766;0;0;0;0;4580239;0;100;-1;-1;-1;-1;-1;-1;-1;-1;-1;-1;-1;-1;-1;-1;-1;-1;-1;-1;-1;-1;-1;-1;-1;-1;-1;-1;-1;-1;-1;-1;-1;-1;-1;-1;-1;-1;-1;-1;-1;-1;1979,79884694815;
2;16777216;293;1;4;1;0;1;2;-1;-1;-1;-1;-1;-1;143,690625;26,1126289367676;35,5892868041992;10;2;1;4800512;0,412331998348236;5;32;4,19807386398315;3,94689393043518;9601024;0;97,2754211425781;0;0;0;0;4801428,5;0;100;-1;-1;-1;-1;-1;-1;-1;-1;-1;-1;-1;-1;-1;-1;-1;-1;-1;-1;-1;-1;-1;-1;-1;-1;-1;-1;-1;-1;-1;-1;-1;-1;-1;-1;-1;-1;-1;-1;-1;-1;3752,13997231722;
2;33554432;154;1;4;1;0;1;2;-1;-1;-1;-1;-1;-1;142,940625;50,8506507873535;35,1826324462891;10;2;1;5046272;0,435817986726761;5;32;2,35375308990479;2,05135607719421;10092544;0;91,3075485229492;0;0;0;0;5047031;0;100;-1;-1;-1;-1;-1;-1;-1;-1;-1;-1;-1;-1;-1;-1;-1;-1;-1;-1;-1;-1;-1;-1;-1;-1;-1;-1;-1;-1;-1;-1;-1;-1;-1;-1;-1;-1;-1;-1;-1;-1;7268,62380520105;
2;67108864;51;1;4;1;0;1;2;-1;-1;-1;-1;-1;-1;140,102777777778;170,843139648438;21,4021701812744;10;2;1;3342336;0,428333014249802;5;32;1,40920805931091;1,16062700748444;6684672;0;90,6318817138672;0;0;0;0;3342852,5;0;100;-1;-1;-1;-1;-1;-1;-1;-1;-1;-1;-1;-1;-1;-1;-1;-1;-1;-1;-1;-1;-1;-1;-1;-1;-1;-1;-1;-1;-1;-1;-1;-1;-1;-1;-1;-1;-1;-1;-1;-1;23935,5984290229;
2;65536;3449;1;4;1;1;0;0;-1;-1;-1;-1;-1;-1;101,131481481481;2,54073596000671;-1;-1;-1;-1;-1;-1;-1;-1;-1;-1;-1;-1;-1;-1;-1;-1;-1;-1;-1;-1;6,53329277038574;10;2;1;220736;1,96908795833588;5;32;9,30413436889648;7,77328491210938;441472;0;0,547891974449158;0;0;0;0;220736;0;100;-1;-1;-1;-1;-1;-1;-1;-1;-1;-1;-1;-1;-1;-1;-1;-1;-1;-1;-1;-1;256,948391688753;
2;131072;3572;1;4;1;1;0;0;-1;-1;-1;-1;-1;-1;96,975;2,76399803161621;-1;-1;-1;-1;-1;-1;-1;-1;-1;-1;-1;-1;-1;-1;-1;-1;-1;-1;-1;-1;8,85910320281982;10;2;1;457216;2,73032307624817;5;32;18,3467330932617;16,2166900634766;914432;0;13,6250085830688;0;0;0;0;457258,3125;0;100;-1;-1;-1;-1;-1;-1;-1;-1;-1;-1;-1;-1;-1;-1;-1;-1;-1;-1;-1;-1;268,038709115982;
2;262144;2942;1;4;1;1;0;0;-1;-1;-1;-1;-1;-1;97,2241935483871;3,54078888893127;-1;-1;-1;-1;-1;-1;-1;-1;-1;-1;-1;-1;-1;-1;-1;-1;-1;-1;-1;-1;11,7890939712524;10;1,27872204780579;0,639361023902893;753152;3,56068205833435;7,82030820846558;32;22,2154502868652;19,3997459411621;1506304;0;1,20175302028656;0;0;0;0;753152;0;100;-1;-1;-1;-1;-1;-1;-1;-1;-1;-1;-1;-1;-1;-1;-1;-1;-1;-1;-1;-1;344,250344251433;
2;524288;2273;1;4;1;1;0;0;-1;-1;-1;-1;-1;-1;97,633870967742;4,38275384902954;-1;-1;-1;-1;-1;-1;-1;-1;-1;-1;-1;-1;-1;-1;-1;-1;-1;-1;-1;-1;16,1466464996338;10;2;1;1163776;4,06942987442017;5;32;26,994119644165;23,7582378387451;2327552;0;1,06759595870972;0;0;0;0;1163776;0;100;-1;-1;-1;-1;-1;-1;-1;-1;-1;-1;-1;-1;-1;-1;-1;-1;-1;-1;-1;-1;427,905223779525;
2;1048576;1640;1;4;1;1;0;0;-1;-1;-1;-1;-1;-1;99,1766666666667;5,99268293380737;-1;-1;-1;-1;-1;-1;-1;-1;-1;-1;-1;-1;-1;-1;-1;-1;-1;-1;-1;-1;22,0704154968262;10;6,14232206344604;3,07116103172302;546816;4,32840299606323;1,62804901599884;32;29,0029144287109;25,5610866546631;1093632;0;1,64310705661774;0;0;0;0;546816;0;100;-1;-1;-1;-1;-1;-1;-1;-1;-1;-1;-1;-1;-1;-1;-1;-1;-1;-1;-1;-1;594,334317765236;
2;2097152;1053;1;4;1;1;0;0;-1;-1;-1;-1;-1;-1;100,065;9,45678997039795;-1;-1;-1;-1;-1;-1;-1;-1;-1;-1;-1;-1;-1;-1;-1;-1;-1;-1;-1;-1;25,2376518249512;10;2;1;2156544;4,56027221679688;5;32;30,6738567352295;27,0434398651123;4313088;0;1,50643599033356;0;0;0;0;2156544;0;100;-1;-1;-1;-1;-1;-1;-1;-1;-1;-1;-1;-1;-1;-1;-1;-1;-1;-1;-1;-1;946,293688387871;
2;4194304;676;1;4;1;1;0;0;-1;-1;-1;-1;-1;-1;101,689655172414;14,6449699401855;-1;-1;-1;-1;-1;-1;-1;-1;-1;-1;-1;-1;-1;-1;-1;-1;-1;-1;-1;-1;30,7407741546631;10;2;1;2768896;3,42595505714417;5;32;47,9146041870117;45,183967590332;5537792;0;0,255403995513916;0;0;0;0;2768896;0;100;-1;-1;-1;-1;-1;-1;-1;-1;-1;-1;-1;-1;-1;-1;-1;-1;-1;-1;-1;-1;1489,24194322783;
2;8388608;378;1;4;1;1;0;0;-1;-1;-1;-1;-1;-1;100,538333333333;26,4523811340332;-1;-1;-1;-1;-1;-1;-1;-1;-1;-1;-1;-1;-1;-1;-1;-1;-1;-1;-1;-1;33,6379547119141;10;0,698413014411926;0,349206000566483;3096576;3,29361200332642;14,3181819915771;32;49,5769081115723;46,9445953369141;6193152;0;0,0647310018539429;0;0;0;0;3096576;0;100;-1;-1;-1;-1;-1;-1;-1;-1;-1;-1;-1;-1;-1;-1;-1;-1;-1;-1;-1;-1;2659,47831191381;
2;16777216;197;1;4;1;1;0;0;-1;-1;-1;-1;-1;-1;99,2333333333333;49,9644660949707;-1;-1;-1;-1;-1;-1;-1;-1;-1;-1;-1;-1;-1;-1;-1;-1;-1;-1;-1;-1;35,6021156311035;10;2;1;3227648;3,30554509162903;5;32;49,4822616577148;46,8408126831055;6455296;0;0,0492530018091202;0;0;0;0;3227648;0;100;-1;-1;-1;-1;-1;-1;-1;-1;-1;-1;-1;-1;-1;-1;-1;-1;-1;-1;-1;-1;4958,14051882426;
2;33554432;105;1;4;1;1;0;0;-1;-1;-1;-1;-1;-1;100,606451612903;97,0857162475586;-1;-1;-1;-1;-1;-1;-1;-1;-1;-1;-1;-1;-1;-1;-1;-1;-1;-1;-1;-1;49,814567565918;10;2;1;3440640;2,43419599533081;5;32;36,3329048156738;34,3872337341309;6881280;0;0,0520280003547668;0;0;0;0;3440640;0;100;-1;-1;-1;-1;-1;-1;-1;-1;-1;-1;-1;-1;-1;-1;-1;-1;-1;-1;-1;-1;9767,44941396406;
2;67108864;50;1;4;1;1;0;0;-1;-1;-1;-1;-1;-1;98,6354838709677;199,580001831055;-1;-1;-1;-1;-1;-1;-1;-1;-1;-1;-1;-1;-1;-1;-1;-1;-1;-1;-1;-1;45,5332870483398;10;2;1;3276800;2,42179393768311;5;32;35,8795433044434;33,9440536499023;6553600;0;0,0543080009520054;0;0;0;0;3276800;0;100;-1;-1;-1;-1;-1;-1;-1;-1;-1;-1;-1;-1;-1;-1;-1;-1;-1;-1;-1;-1;19685,6700515747;
2;65536;7143;1;4;1;1;1;1;-1;-1;-1;-1;-1;-1;93,3264705882353;1,5832279920578;-1;-1;-1;-1;-1;-1;-1;-1;-1;-1;-1;-1;-1;-1;-1;-1;-1;-1;-1;-1;13,8112125396729;10;2;1;457152;1,89051103591919;5;32;28,9186401367188;27,4925289154053;914304;0;39,1711540222168;0;0;0;0;457152;0;100;-1;-1;-1;-1;-1;-1;-1;-1;-1;-1;-1;-1;-1;-1;-1;-1;-1;-1;-1;-1;147,757080635253;
2;131072;5883;1;4;1;1;1;1;-1;-1;-1;-1;-1;-1;91,5741935483871;1,70882201194763;-1;-1;-1;-1;-1;-1;-1;-1;-1;-1;-1;-1;-1;-1;-1;-1;-1;-1;-1;-1;19,907995223999;10;5,0890998840332;2,5445499420166;295936;2,37559103965759;1,9649840593338;32;47,184268951416;45,3941612243652;591872;0;59,3249702453613;0;0;0;0;295936;0;100;-1;-1;-1;-1;-1;-1;-1;-1;-1;-1;-1;-1;-1;-1;-1;-1;-1;-1;-1;-1;156,483997661837;
2;262144;5556;1;4;1;1;1;1;-1;-1;-1;-1;-1;-1;88,5287878787879;2,00647902488709;-1;-1;-1;-1;-1;-1;-1;-1;-1;-1;-1;-1;-1;-1;-1;-1;-1;-1;-1;-1;27,8742618560791;10;2;1;1422336;3,15230703353882;5;32;57,6647605895996;55,1778869628906;2844672;0;71,2048721313477;0;0;0;0;1422336,125;0;100;-1;-1;-1;-1;-1;-1;-1;-1;-1;-1;-1;-1;-1;-1;-1;-1;-1;-1;-1;-1;177,631155977466;
2;524288;4000;1;4;1;1;1;1;-1;-1;-1;-1;-1;-1;93,9640625;2,55999994277954;-1;-1;-1;-1;-1;-1;-1;-1;-1;-1;-1;-1;-1;-1;-1;-1;-1;-1;-1;-1;36,8608131408691;10;2;1;2048000;3,11289501190186;5;32;36,6098403930664;34,1640319824219;4096000;0;50,5107116699219;0;0;0;0;2048000;0;100;-1;-1;-1;-1;-1;-1;-1;-1;-1;-1;-1;-1;-1;-1;-1;-1;-1;-1;-1;-1;240,547994623333;
2;1048576;2565;1;4;1;1;1;1;-1;-1;-1;-1;-1;-1;95,9241379310345;3,65614008903503;-1;-1;-1;-1;-1;-1;-1;-1;-1;-1;-1;-1;-1;-1;-1;-1;-1;-1;-1;-1;47,2368621826172;10;0,0654970034956932;0,0327490009367466;2626560;3,46988797187805;152,678573608398;32;20,4322891235352;17,6837673187256;5253120;0;25,9630126953125;0;0;0;0;2626560;0;100;-1;-1;-1;-1;-1;-1;-1;-1;-1;-1;-1;-1;-1;-1;-1;-1;-1;-1;-1;-1;350,712086195781;
2;2097152;1563;1;4;1;1;1;1;-1;-1;-1;-1;-1;-1;97,3240740740741;5,57197713851929;-1;-1;-1;-1;-1;-1;-1;-1;-1;-1;-1;-1;-1;-1;-1;-1;-1;-1;-1;-1;53,0035362243652;10;2;1;3201024;3,19028496742249;5;32;7,53990411758423;4,9956521987915;6402048;0;9,82044696807861;0;0;0;0;3201024;0;100;-1;-1;-1;-1;-1;-1;-1;-1;-1;-1;-1;-1;-1;-1;-1;-1;-1;-1;-1;-1;542,287515768298;
2;4194304;991;1;4;1;1;1;1;-1;-1;-1;-1;-1;-1;98,1189655172414;9,41069602966309;-1;-1;-1;-1;-1;-1;-1;-1;-1;-1;-1;-1;-1;-1;-1;-1;-1;-1;-1;-1;56,148811340332;10;15,3643407821655;7,68216991424561;528384;3,52024006843567;0,650857985019684;32;5,46305418014526;2,64874696731567;1056768;0;5,32261514663696;0;0;0;0;528384;0;100;-1;-1;-1;-1;-1;-1;-1;-1;-1;-1;-1;-1;-1;-1;-1;-1;-1;-1;-1;-1;923,367759227753;
2;8388608;541;1;4;1;1;1;1;-1;-1;-1;-1;-1;-1;101,173214285714;16,7042503356934;-1;-1;-1;-1;-1;-1;-1;-1;-1;-1;-1;-1;-1;-1;-1;-1;-1;-1;-1;-1;62,1034164428711;10;2;1;4431872;3,26252293586731;5;32;4,06429290771484;1,45659101009369;8863744;0;2,64466500282288;0;0;0;0;4431872;0;100;-1;-1;-1;-1;-1;-1;-1;-1;-1;-1;-1;-1;-1;-1;-1;-1;-1;-1;-1;-1;1690,02269869532;
2;16777216;289;1;4;1;1;1;1;-1;-1;-1;-1;-1;-1;101,161111111111;31,2422142028809;-1;-1;-1;-1;-1;-1;-1;-1;-1;-1;-1;-1;-1;-1;-1;-1;-1;-1;-1;-1;63,5341835021973;10;3,54601192474365;1,77300596237183;2670592;3,34978199005127;2,82006907463074;32;4,54768514633179;1,87155902385712;5341184;0;2,93471503257751;0;0;0;0;2670592;0;100;-1;-1;-1;-1;-1;-1;-1;-1;-1;-1;-1;-1;-1;-1;-1;-1;-1;-1;-1;-1;3160,49710233476;
2;33554432;150;1;4;1;1;1;1;-1;-1;-1;-1;-1;-1;102,433333333333;60,4533348083496;-1;-1;-1;-1;-1;-1;-1;-1;-1;-1;-1;-1;-1;-1;-1;-1;-1;-1;-1;-1;65,3959579467773;10;1,85333299636841;0,926666975021362;4915200;3,26378297805786;5,39568281173706;32;4,60829401016235;2,0010449886322;9830400;0;3,05196595191956;0;0;0;0;4915213;0;100;-1;-1;-1;-1;-1;-1;-1;-1;-1;-1;-1;-1;-1;-1;-1;-1;-1;-1;-1;-1;6192,43659553528;
2;67108864;51;1;4;1;1;1;1;-1;-1;-1;-1;-1;-1;100,689285714286;177,627456665039;-1;-1;-1;-1;-1;-1;-1;-1;-1;-1;-1;-1;-1;-1;-1;-1;-1;-1;-1;-1;57,219165802002;10;2;1;3342336;2,98934292793274;5;32;4,50766801834106;2,12026906013489;6684672;0;3,00498509407043;0;0;0;0;3342336;0;100;-1;-1;-1;-1;-1;-1;-1;-1;-1;-1;-1;-1;-1;-1;-1;-1;-1;-1;-1;-1;17885,181734848;
2;65536;8334;1;4;1;1;1;2;-1;-1;-1;-1;-1;-1;91,7672413793103;1,17386603355408;-1;-1;-1;-1;-1;-1;-1;-1;-1;-1;-1;-1;-1;-1;-1;-1;-1;-1;-1;-1;9,511399269104;10;2,76188898086548;1,38094401359558;386240;4,57762718200684;3,62070989608765;32;21,7813854217529;18,545804977417;772480;0;2,56534790992737;0;0;0;0;386240;0;100;-1;-1;-1;-1;-1;-1;-1;-1;-1;-1;-1;-1;-1;-1;-1;-1;-1;-1;-1;-1;107,722447648131;
2;131072;7693;1;4;1;1;1;2;-1;-1;-1;-1;-1;-1;92,7916666666667;1,27310502529144;-1;-1;-1;-1;-1;-1;-1;-1;-1;-1;-1;-1;-1;-1;-1;-1;-1;-1;-1;-1;11,666880607605;10;2;1;984704;6,75989103317261;5;32;46,1639022827148;41,2140922546387;1969408;0;6,68526315689087;0;0;0;0;984704,0625;0;100;-1;-1;-1;-1;-1;-1;-1;-1;-1;-1;-1;-1;-1;-1;-1;-1;-1;-1;-1;-1;118,133537138502;
2;262144;6667;1;4;1;1;1;2;-1;-1;-1;-1;-1;-1;95,0758620689655;1,50847494602203;-1;-1;-1;-1;-1;-1;-1;-1;-1;-1;-1;-1;-1;-1;-1;-1;-1;-1;-1;-1;16,7565135955811;10;12,9834470748901;6,49172401428223;262912;8,42458438873291;0,77021199464798;32;61,7667846679688;55,3033218383789;525824;0;10,5932550430298;0;0;0;0;262912;0;100;-1;-1;-1;-1;-1;-1;-1;-1;-1;-1;-1;-1;-1;-1;-1;-1;-1;-1;-1;-1;143,419555902481;
2;524288;5000;1;4;1;1;1;2;-1;-1;-1;-1;-1;-1;92,8982142857143;1,83519995212555;-1;-1;-1;-1;-1;-1;-1;-1;-1;-1;-1;-1;-1;-1;-1;-1;-1;-1;-1;-1;20,9372653961182;10;2;1;2560000;9,93231105804443;5;32;78,8929901123047;71,3222198486328;5120000;0;11,2567825317383;0;0;0;0;2560000,5;0;100;-1;-1;-1;-1;-1;-1;-1;-1;-1;-1;-1;-1;-1;-1;-1;-1;-1;-1;-1;-1;170,486798409692;
2;1048576;3449;1;4;1;1;1;2;-1;-1;-1;-1;-1;-1;98,6708333333333;2,32241201400757;-1;-1;-1;-1;-1;-1;-1;-1;-1;-1;-1;-1;-1;-1;-1;-1;-1;-1;-1;-1;27,6948928833008;10;2;1;3531776;11,300687789917;5;32;87,959114074707;79,0477752685547;7063552;0;14,6391677856445;0;0;0;0;3531776;0;100;-1;-1;-1;-1;-1;-1;-1;-1;-1;-1;-1;-1;-1;-1;-1;-1;-1;-1;-1;-1;229,154328765472;
2;2097152;2326;1;4;1;1;1;2;-1;-1;-1;-1;-1;-1;95,032;3,61350011825562;-1;-1;-1;-1;-1;-1;-1;-1;-1;-1;-1;-1;-1;-1;-1;-1;-1;-1;-1;-1;33,1304969787598;10;1,07652604579926;0,538263022899628;4763648;11,9059810638428;9,289137840271;32;92,9400863647461;83,5646438598633;9527296;0;17,4954624176025;0;0;0;0;4763649;0;100;-1;-1;-1;-1;-1;-1;-1;-1;-1;-1;-1;-1;-1;-1;-1;-1;-1;-1;-1;-1;343,398143238068;
2;4194304;1283;1;4;1;1;1;2;-1;-1;-1;-1;-1;-1;82,56875;6,0865159034729;-1;-1;-1;-1;-1;-1;-1;-1;-1;-1;-1;-1;-1;-1;-1;-1;-1;-1;-1;-1;37,3651351928711;10;2;1;5255168;12,0791206359863;5;32;95,611083984375;86,1070404052734;10510336;0;16,0671672821045;0;0;0;0;5255168,5;0;100;-1;-1;-1;-1;-1;-1;-1;-1;-1;-1;-1;-1;-1;-1;-1;-1;-1;-1;-1;-1;502,556010004878;
2;8388608;700;1;4;1;1;1;2;-1;-1;-1;-1;-1;-1;95,4347826086957;11,0942859649658;-1;-1;-1;-1;-1;-1;-1;-1;-1;-1;-1;-1;-1;-1;-1;-1;-1;-1;-1;-1;45,3817024230957;10;0,331429004669189;0,165713995695114;5734400;8,7722339630127;30,1724128723145;32;97,5949020385742;90,7618942260742;11468800;0;13,4884309768677;0;0;0;0;5734400,5;0;100;-1;-1;-1;-1;-1;-1;-1;-1;-1;-1;-1;-1;-1;-1;-1;-1;-1;-1;-1;-1;1058,78076926522;
2;16777216;367;1;4;1;1;1;2;-1;-1;-1;-1;-1;-1;97,7869565217391;20,9318809509277;-1;-1;-1;-1;-1;-1;-1;-1;-1;-1;-1;-1;-1;-1;-1;-1;-1;-1;-1;-1;53,0236129760742;10;2;1;6012928;7,10888290405273;5;32;98,02197265625;92,6037750244141;12025856;0;12,4452533721924;0;0;0;0;6012928;0;100;-1;-1;-1;-1;-1;-1;-1;-1;-1;-1;-1;-1;-1;-1;-1;-1;-1;-1;-1;-1;2046,86493246659;
2;33554432;188;1;4;1;1;1;2;-1;-1;-1;-1;-1;-1;Non un numero reale;40,638298034668;-1;-1;-1;-1;-1;-1;-1;-1;-1;-1;-1;-1;-1;-1;-1;-1;-1;-1;-1;-1;56,4829559326172;10;2,25149703025818;1,12574899196625;5472256;6,60943794250488;4,44148921966553;32;98,3120498657227;93,2451324462891;10944512;0;12,7752590179443;0;0;0;0;5472256;0;100;-1;-1;-1;-1;-1;-1;-1;-1;-1;-1;-1;-1;-1;-1;-1;-1;-1;-1;-1;-1;Non un numero reale;
2;67108864;63;1;4;1;1;1;2;-1;-1;-1;-1;-1;-1;101,6;139,841262817383;-1;-1;-1;-1;-1;-1;-1;-1;-1;-1;-1;-1;-1;-1;-1;-1;-1;-1;-1;-1;42,7876853942871;10;2;1;4128768;6,19738912582397;5;32;98,1603775024414;93,4118270874023;8257536;0;13,4908990859985;0;0;0;0;4128768,5;0;100;-1;-1;-1;-1;-1;-1;-1;-1;-1;-1;-1;-1;-1;-1;-1;-1;-1;-1;-1;-1;14207,8723022461;
2;65536;25000;1;4;1;2;0;0;-1;-1;-1;-1;-1;-1;99,1666666666667;0,223120003938675;-1;-1;-1;-1;-1;-1;-1;-1;-1;-1;-1;-1;-1;-1;-1;-1;-1;-1;-1;-1;-1;-1;-1;-1;-1;-1;-1;-1;-1;-1;-1;-1;-1;-1;-1;-1;-1;-1;-1;-1;-1;-1;-1;-1;-1;-1;-1;-1;-1;-1;-1;-1;-1;-1;-1;-1;-1;-1;-1;-1;22,1260670572519;
2;131072;25000;1;4;1;2;0;0;-1;-1;-1;-1;-1;-1;101,235;0,400040000677109;-1;-1;-1;-1;-1;-1;-1;-1;-1;-1;-1;-1;-1;-1;-1;-1;-1;-1;-1;-1;-1;-1;-1;-1;-1;-1;-1;-1;-1;-1;-1;-1;-1;-1;-1;-1;-1;-1;-1;-1;-1;-1;-1;-1;-1;-1;-1;-1;-1;-1;-1;-1;-1;-1;-1;-1;-1;-1;-1;-1;40,4980494685471;
2;262144;9091;1;4;1;2;0;0;-1;-1;-1;-1;-1;-1;101,84375;0,852931022644043;-1;-1;-1;-1;-1;-1;-1;-1;-1;-1;-1;-1;-1;-1;-1;-1;-1;-1;-1;-1;-1;-1;-1;-1;-1;-1;-1;-1;-1;-1;-1;-1;-1;-1;-1;-1;-1;-1;-1;-1;-1;-1;-1;-1;-1;-1;-1;-1;-1;-1;-1;-1;-1;-1;-1;-1;-1;-1;-1;-1;86,8656938374043;
2;524288;4348;1;4;1;2;0;0;-1;-1;-1;-1;-1;-1;102,216666666667;2,08371710777283;-1;-1;-1;-1;-1;-1;-1;-1;-1;-1;-1;-1;-1;-1;-1;-1;-1;-1;-1;-1;-1;-1;-1;-1;-1;-1;-1;-1;-1;-1;-1;-1;-1;-1;-1;-1;-1;-1;-1;-1;-1;-1;-1;-1;-1;-1;-1;-1;-1;-1;-1;-1;-1;-1;-1;-1;-1;-1;-1;-1;212,990617032846;
2;1048576;2381;1;4;1;2;0;0;-1;-1;-1;-1;-1;-1;102,81;4,18017578125;-1;-1;-1;-1;-1;-1;-1;-1;-1;-1;-1;-1;-1;-1;-1;-1;-1;-1;-1;-1;-1;-1;-1;-1;-1;-1;-1;-1;-1;-1;-1;-1;-1;-1;-1;-1;-1;-1;-1;-1;-1;-1;-1;-1;-1;-1;-1;-1;-1;-1;-1;-1;-1;-1;-1;-1;-1;-1;-1;-1;429,763872070312;
2;2097152;1191;1;4;1;2;0;0;-1;-1;-1;-1;-1;-1;103,145;8,14945411682129;-1;-1;-1;-1;-1;-1;-1;-1;-1;-1;-1;-1;-1;-1;-1;-1;-1;-1;-1;-1;-1;-1;-1;-1;-1;-1;-1;-1;-1;-1;-1;-1;-1;-1;-1;-1;-1;-1;-1;-1;-1;-1;-1;-1;-1;-1;-1;-1;-1;-1;-1;-1;-1;-1;-1;-1;-1;-1;-1;-1;840,575444879532;
2;4194304;610;1;4;1;2;0;0;-1;-1;-1;-1;-1;-1;103,285;16,1672134399414;-1;-1;-1;-1;-1;-1;-1;-1;-1;-1;-1;-1;-1;-1;-1;-1;-1;-1;-1;-1;-1;-1;-1;-1;-1;-1;-1;-1;-1;-1;-1;-1;-1;-1;-1;-1;-1;-1;-1;-1;-1;-1;-1;-1;-1;-1;-1;-1;-1;-1;-1;-1;-1;-1;-1;-1;-1;-1;-1;-1;1669,83064014435;
2;8388608;301;1;4;1;2;0;0;-1;-1;-1;-1;-1;-1;102,172222222222;32,0797348022461;-1;-1;-1;-1;-1;-1;-1;-1;-1;-1;-1;-1;-1;-1;-1;-1;-1;-1;-1;-1;-1;-1;-1;-1;-1;-1;-1;-1;-1;-1;-1;-1;-1;-1;-1;-1;-1;-1;-1;-1;-1;-1;-1;-1;-1;-1;-1;-1;-1;-1;-1;-1;-1;-1;-1;-1;-1;-1;-1;-1;3277,65779304504;
2;16777216;154;1;4;1;2;0;0;-1;-1;-1;-1;-1;-1;101,305;63,8766212463379;-1;-1;-1;-1;-1;-1;-1;-1;-1;-1;-1;-1;-1;-1;-1;-1;-1;-1;-1;-1;-1;-1;-1;-1;-1;-1;-1;-1;-1;-1;-1;-1;-1;-1;-1;-1;-1;-1;-1;-1;-1;-1;-1;-1;-1;-1;-1;-1;-1;-1;-1;-1;-1;-1;-1;-1;-1;-1;-1;-1;6471,02111536026;
2;33554432;78;1;4;1;2;0;0;-1;-1;-1;-1;-1;-1;100,815;127,743591308594;-1;-1;-1;-1;-1;-1;-1;-1;-1;-1;-1;-1;-1;-1;-1;-1;-1;-1;-1;-1;-1;-1;-1;-1;-1;-1;-1;-1;-1;-1;-1;-1;-1;-1;-1;-1;-1;-1;-1;-1;-1;-1;-1;-1;-1;-1;-1;-1;-1;-1;-1;-1;-1;-1;-1;-1;-1;-1;-1;-1;12878,4701577759;
2;67108864;40;1;4;1;2;0;0;-1;-1;-1;-1;-1;-1;104,34;255,875;-1;-1;-1;-1;-1;-1;-1;-1;-1;-1;-1;-1;-1;-1;-1;-1;-1;-1;-1;-1;-1;-1;-1;-1;-1;-1;-1;-1;-1;-1;-1;-1;-1;-1;-1;-1;-1;-1;-1;-1;-1;-1;-1;-1;-1;-1;-1;-1;-1;-1;-1;-1;-1;-1;-1;-1;-1;-1;-1;-1;26697,9975;
2;65536;50000;1;4;1;2;1;1;-1;-1;-1;-1;-1;-1;101,25;0,18027999997139;-1;-1;-1;-1;-1;-1;-1;-1;-1;-1;-1;-1;-1;-1;-1;-1;-1;-1;-1;-1;-1;-1;-1;-1;-1;-1;-1;-1;-1;-1;-1;-1;-1;-1;-1;-1;-1;-1;-1;-1;-1;-1;-1;-1;-1;-1;-1;-1;-1;-1;-1;-1;-1;-1;-1;-1;-1;-1;-1;-1;18,2533499971032;
2;131072;33334;1;4;1;2;1;1;-1;-1;-1;-1;-1;-1;100,344444444444;0,27632400393486;-1;-1;-1;-1;-1;-1;-1;-1;-1;-1;-1;-1;-1;-1;-1;-1;-1;-1;-1;-1;-1;-1;-1;-1;-1;-1;-1;-1;-1;-1;-1;-1;-1;-1;-1;-1;-1;-1;-1;-1;-1;-1;-1;-1;-1;-1;-1;-1;-1;-1;-1;-1;-1;-1;-1;-1;-1;-1;-1;-1;27,727578661508;
2;262144;20000;1;4;1;2;1;1;-1;-1;-1;-1;-1;-1;102,22;0,4721499979496;-1;-1;-1;-1;-1;-1;-1;-1;-1;-1;-1;-1;-1;-1;-1;-1;-1;-1;-1;-1;-1;-1;-1;-1;-1;-1;-1;-1;-1;-1;-1;-1;-1;-1;-1;-1;-1;-1;-1;-1;-1;-1;-1;-1;-1;-1;-1;-1;-1;-1;-1;-1;-1;-1;-1;-1;-1;-1;-1;-1;48,2631727904081;
2;524288;8334;1;4;1;2;1;1;-1;-1;-1;-1;-1;-1;103,805;1,20314395427704;-1;-1;-1;-1;-1;-1;-1;-1;-1;-1;-1;-1;-1;-1;-1;-1;-1;-1;-1;-1;-1;-1;-1;-1;-1;-1;-1;-1;-1;-1;-1;-1;-1;-1;-1;-1;-1;-1;-1;-1;-1;-1;-1;-1;-1;-1;-1;-1;-1;-1;-1;-1;-1;-1;-1;-1;-1;-1;-1;-1;124,892358173728;
2;1048576;4167;1;4;1;2;1;1;-1;-1;-1;-1;-1;-1;102,375;2,37245011329651;-1;-1;-1;-1;-1;-1;-1;-1;-1;-1;-1;-1;-1;-1;-1;-1;-1;-1;-1;-1;-1;-1;-1;-1;-1;-1;-1;-1;-1;-1;-1;-1;-1;-1;-1;-1;-1;-1;-1;-1;-1;-1;-1;-1;-1;-1;-1;-1;-1;-1;-1;-1;-1;-1;-1;-1;-1;-1;-1;-1;242,87958034873;
2;2097152;2174;1;4;1;2;1;1;-1;-1;-1;-1;-1;-1;102,259090909091;4,58095693588257;-1;-1;-1;-1;-1;-1;-1;-1;-1;-1;-1;-1;-1;-1;-1;-1;-1;-1;-1;-1;-1;-1;-1;-1;-1;-1;-1;-1;-1;-1;-1;-1;-1;-1;-1;-1;-1;-1;-1;-1;-1;-1;-1;-1;-1;-1;-1;-1;-1;-1;-1;-1;-1;-1;-1;-1;-1;-1;-1;-1;468,444491757046;
2;4194304;1099;1;4;1;2;1;1;-1;-1;-1;-1;-1;-1;101,555;8,94995498657227;-1;-1;-1;-1;-1;-1;-1;-1;-1;-1;-1;-1;-1;-1;-1;-1;-1;-1;-1;-1;-1;-1;-1;-1;-1;-1;-1;-1;-1;-1;-1;-1;-1;-1;-1;-1;-1;-1;-1;-1;-1;-1;-1;-1;-1;-1;-1;-1;-1;-1;-1;-1;-1;-1;-1;-1;-1;-1;-1;-1;908,912678661346;
2;8388608;541;1;4;1;2;1;1;-1;-1;-1;-1;-1;-1;100,83;17,6635856628418;-1;-1;-1;-1;-1;-1;-1;-1;-1;-1;-1;-1;-1;-1;-1;-1;-1;-1;-1;-1;-1;-1;-1;-1;-1;-1;-1;-1;-1;-1;-1;-1;-1;-1;-1;-1;-1;-1;-1;-1;-1;-1;-1;-1;-1;-1;-1;-1;-1;-1;-1;-1;-1;-1;-1;-1;-1;-1;-1;-1;1781,01934238434;
2;16777216;272;1;4;1;2;1;1;-1;-1;-1;-1;-1;-1;103,022222222222;35,091911315918;-1;-1;-1;-1;-1;-1;-1;-1;-1;-1;-1;-1;-1;-1;-1;-1;-1;-1;-1;-1;-1;-1;-1;-1;-1;-1;-1;-1;-1;-1;-1;-1;-1;-1;-1;-1;-1;-1;-1;-1;-1;-1;-1;-1;-1;-1;-1;-1;-1;-1;-1;-1;-1;-1;-1;-1;-1;-1;-1;-1;3615,24668579102;
2;33554432;142;1;4;1;2;1;1;-1;-1;-1;-1;-1;-1;100,59;69,9647903442383;-1;-1;-1;-1;-1;-1;-1;-1;-1;-1;-1;-1;-1;-1;-1;-1;-1;-1;-1;-1;-1;-1;-1;-1;-1;-1;-1;-1;-1;-1;-1;-1;-1;-1;-1;-1;-1;-1;-1;-1;-1;-1;-1;-1;-1;-1;-1;-1;-1;-1;-1;-1;-1;-1;-1;-1;-1;-1;-1;-1;7037,75826072693;
2;67108864;71;1;4;1;2;1;1;-1;-1;-1;-1;-1;-1;104,195;140,211273193359;-1;-1;-1;-1;-1;-1;-1;-1;-1;-1;-1;-1;-1;-1;-1;-1;-1;-1;-1;-1;-1;-1;-1;-1;-1;-1;-1;-1;-1;-1;-1;-1;-1;-1;-1;-1;-1;-1;-1;-1;-1;-1;-1;-1;-1;-1;-1;-1;-1;-1;-1;-1;-1;-1;-1;-1;-1;-1;-1;-1;14609,3136103821;
2;65536;50000;1;4;1;2;1;2;-1;-1;-1;-1;-1;-1;100,794444444444;0,176219999790192;-1;-1;-1;-1;-1;-1;-1;-1;-1;-1;-1;-1;-1;-1;-1;-1;-1;-1;-1;-1;-1;-1;-1;-1;-1;-1;-1;-1;-1;-1;-1;-1;-1;-1;-1;-1;-1;-1;-1;-1;-1;-1;-1;-1;-1;-1;-1;-1;-1;-1;-1;-1;-1;-1;-1;-1;-1;-1;-1;-1;17,7619969788525;
2;131072;33334;1;4;1;2;1;2;-1;-1;-1;-1;-1;-1;101,005555555556;0,27878400683403;-1;-1;-1;-1;-1;-1;-1;-1;-1;-1;-1;-1;-1;-1;-1;-1;-1;-1;-1;-1;-1;-1;-1;-1;-1;-1;-1;-1;-1;-1;-1;-1;-1;-1;-1;-1;-1;-1;-1;-1;-1;-1;-1;-1;-1;-1;-1;-1;-1;-1;-1;-1;-1;-1;-1;-1;-1;-1;-1;-1;28,158733490275;
2;262144;16667;1;4;1;2;1;2;-1;-1;-1;-1;-1;-1;100,616666666667;0,551568984985352;-1;-1;-1;-1;-1;-1;-1;-1;-1;-1;-1;-1;-1;-1;-1;-1;-1;-1;-1;-1;-1;-1;-1;-1;-1;-1;-1;-1;-1;-1;-1;-1;-1;-1;-1;-1;-1;-1;-1;-1;-1;-1;-1;-1;-1;-1;-1;-1;-1;-1;-1;-1;-1;-1;-1;-1;-1;-1;-1;-1;55,4970327059428;
2;524288;8334;1;4;1;2;1;2;-1;-1;-1;-1;-1;-1;75,7;1,20710301399231;-1;-1;-1;-1;-1;-1;-1;-1;-1;-1;-1;-1;-1;-1;-1;-1;-1;-1;-1;-1;-1;-1;-1;-1;-1;-1;-1;-1;-1;-1;-1;-1;-1;-1;-1;-1;-1;-1;-1;-1;-1;-1;-1;-1;-1;-1;-1;-1;-1;-1;-1;-1;-1;-1;-1;-1;-1;-1;-1;-1;91,3776981592179;
2;1048576;4348;1;4;1;2;1;2;-1;-1;-1;-1;-1;-1;103,022727272727;2,36269497871399;-1;-1;-1;-1;-1;-1;-1;-1;-1;-1;-1;-1;-1;-1;-1;-1;-1;-1;-1;-1;-1;-1;-1;-1;-1;-1;-1;-1;-1;-1;-1;-1;-1;-1;-1;-1;-1;-1;-1;-1;-1;-1;-1;-1;-1;-1;-1;-1;-1;-1;-1;-1;-1;-1;-1;-1;-1;-1;-1;-1;243,411280420693;
2;2097152;2128;1;4;1;2;1;2;-1;-1;-1;-1;-1;-1;103;4,58270692825317;-1;-1;-1;-1;-1;-1;-1;-1;-1;-1;-1;-1;-1;-1;-1;-1;-1;-1;-1;-1;-1;-1;-1;-1;-1;-1;-1;-1;-1;-1;-1;-1;-1;-1;-1;-1;-1;-1;-1;-1;-1;-1;-1;-1;-1;-1;-1;-1;-1;-1;-1;-1;-1;-1;-1;-1;-1;-1;-1;-1;472,018813610077;
2;4194304;1087;1;4;1;2;1;2;-1;-1;-1;-1;-1;-1;102,88;8,98896026611328;-1;-1;-1;-1;-1;-1;-1;-1;-1;-1;-1;-1;-1;-1;-1;-1;-1;-1;-1;-1;-1;-1;-1;-1;-1;-1;-1;-1;-1;-1;-1;-1;-1;-1;-1;-1;-1;-1;-1;-1;-1;-1;-1;-1;-1;-1;-1;-1;-1;-1;-1;-1;-1;-1;-1;-1;-1;-1;-1;-1;924,784232177735;
2;8388608;559;1;4;1;2;1;2;-1;-1;-1;-1;-1;-1;105,195;17,6940975189209;-1;-1;-1;-1;-1;-1;-1;-1;-1;-1;-1;-1;-1;-1;-1;-1;-1;-1;-1;-1;-1;-1;-1;-1;-1;-1;-1;-1;-1;-1;-1;-1;-1;-1;-1;-1;-1;-1;-1;-1;-1;-1;-1;-1;-1;-1;-1;-1;-1;-1;-1;-1;-1;-1;-1;-1;-1;-1;-1;-1;1861,33058850288;
2;16777216;281;1;4;1;2;1;2;-1;-1;-1;-1;-1;-1;102,455;34,928825378418;-1;-1;-1;-1;-1;-1;-1;-1;-1;-1;-1;-1;-1;-1;-1;-1;-1;-1;-1;-1;-1;-1;-1;-1;-1;-1;-1;-1;-1;-1;-1;-1;-1;-1;-1;-1;-1;-1;-1;-1;-1;-1;-1;-1;-1;-1;-1;-1;-1;-1;-1;-1;-1;-1;-1;-1;-1;-1;-1;-1;3578,63280414581;
2;33554432;141;1;4;1;2;1;2;-1;-1;-1;-1;-1;-1;103,19;70,1276626586914;-1;-1;-1;-1;-1;-1;-1;-1;-1;-1;-1;-1;-1;-1;-1;-1;-1;-1;-1;-1;-1;-1;-1;-1;-1;-1;-1;-1;-1;-1;-1;-1;-1;-1;-1;-1;-1;-1;-1;-1;-1;-1;-1;-1;-1;-1;-1;-1;-1;-1;-1;-1;-1;-1;-1;-1;-1;-1;-1;-1;7236,47350975037;
2;67108864;71;1;4;1;2;1;2;-1;-1;-1;-1;-1;-1;101,305;139,352111816406;-1;-1;-1;-1;-1;-1;-1;-1;-1;-1;-1;-1;-1;-1;-1;-1;-1;-1;-1;-1;-1;-1;-1;-1;-1;-1;-1;-1;-1;-1;-1;-1;-1;-1;-1;-1;-1;-1;-1;-1;-1;-1;-1;-1;-1;-1;-1;-1;-1;-1;-1;-1;-1;-1;-1;-1;-1;-1;-1;-1;14117,065687561;
2;65536;1471;1;4;2;0;0;0;1;0;0;-1;-1;-1;114,209523809524;2,44935393333435;7,42972183227539;10;2;1;47072;0,173585996031761;5;32;0,138869002461433;0;94144;0;0,000325000000884756;0;0;0;0;47072;0;100;9,49242973327637;10;2;1;47072;0,708501994609833;5;32;2,60301399230957;2,0506420135498;94144;0;0,0985060036182404;0;0;0;0;47072;0;100;-1;-1;-1;-1;-1;-1;-1;-1;-1;-1;-1;-1;-1;-1;-1;-1;-1;-1;-1;-1;279,7395463671;
2;131072;1282;1;4;2;0;0;0;1;0;0;-1;-1;-1;105,773913043478;3,49219989776611;4,65420198440552;10;2;1;82048;0,501609981060028;5;32;0,985638976097107;0,641339004039764;164096;0;7,30000028852373E-05;0;0;0;0;82048;0;100;5,43306303024292;10;2;1;82048;2,02384901046753;5;32;8,3301830291748;6,745934009552;164096;0;7,27868986129761;0;0;0;0;82050,875;0;100;-1;-1;-1;-1;-1;-1;-1;-1;-1;-1;-1;-1;-1;-1;-1;-1;-1;-1;-1;-1;369,383648316756;
2;262144;1316;1;4;2;0;0;0;1;0;0;-1;-1;-1;107,79375;3,61474204063416;5,57482814788818;10;2;1;168448;0,814031004905701;5;32;1,98436200618744;1,34525096416473;336896;0;0,694003999233246;0;0;0;0;168448;0;100;7,20473909378052;10;2;1;168448;2,98439502716064;5;32;17,5658779144287;15,2466382980347;336896;0;2,75190305709839;0;0;0;0;168448,0625;0;100;-1;-1;-1;-1;-1;-1;-1;-1;-1;-1;-1;-1;-1;-1;-1;-1;-1;-1;-1;-1;389,646599842608;
2;524288;1111;1;4;2;0;0;0;1;0;0;-1;-1;-1;106,5875;4,17911815643311;6,95721817016602;10;2;1;284416;1,12483704090118;5;32;3,60241603851318;2,74476909637451;568832;0;3,48465394973755;0;0;0;0;284471;0;100;10,872389793396;10;2;1;284416;3,57570004463196;5;32;25,3050575256348;22,4655647277832;568832;0;2,31817293167114;0;0;0;0;284416;0;100;-1;-1;-1;-1;-1;-1;-1;-1;-1;-1;-1;-1;-1;-1;-1;-1;-1;-1;-1;-1;445,441756498814;
2;1048576;862;1;4;2;0;0;0;1;0;0;-1;-1;-1;107,518;5,68561506271362;7,8944149017334;10;2;1;441344;1,44377899169922;5;32;5,05720996856689;3,9520161151886;882688;0;5,72215795516968;0;0;0;0;441415,25;0;100;14,0028505325317;10;2;1;441344;4,04446220397949;5;32;28,5157375335693;25,3070545196533;882688;0;1,0959860086441;0;0;0;0;441344;0;100;-1;-1;-1;-1;-1;-1;-1;-1;-1;-1;-1;-1;-1;-1;-1;-1;-1;-1;-1;-1;611,305960312843;
2;2097152;617;1;4;2;0;0;0;1;0;0;-1;-1;-1;109,322916666667;7,77309608459473;6,64427185058594;10;2;1;631808;1,5793160200119;5;32;3,64464998245239;2,41291403770447;1263616;0;8,10308074951172;0;0;0;0;631886,75;0;100;18,941370010376;10;2;1;631808;4,21825504302979;5;32;31,4304237365723;28,0671634674072;1263616;0;3,28084397315979;0;0;0;0;631808,5;0;100;-1;-1;-1;-1;-1;-1;-1;-1;-1;-1;-1;-1;-1;-1;-1;-1;-1;-1;-1;-1;849,777535498142;
2;4194304;435;1;4;2;0;0;0;1;0;0;-1;-1;-1;139,391666666667;11,1977014541626;4,14072704315186;10;2;1;890880;1,48427200317383;5;32;2,61675405502319;1,44900095462799;1781760;0;11,3127326965332;0;0;0;0;891009,75;0;100;24,4050235748291;10;2;1;890880;4,20359802246094;5;32;35,118579864502;31,7695579528809;1781760;0;3,15849590301514;0;0;0;0;890880,5;0;100;-1;-1;-1;-1;-1;-1;-1;-1;-1;-1;-1;-1;-1;-1;-1;-1;-1;-1;-1;-1;1560,86626853148;
2;8388608;235;1;4;2;0;0;0;1;0;0;-1;-1;-1;125,658333333333;20,4170207977295;16,0581932067871;10;2;1;962560;0,547444999217987;5;32;0,6925989985466;0,258448004722595;1925120;0;3,5481379032135;0;0;0;0;962663,5;0;100;28,9775161743164;10;2;1;962560;3,00013709068298;5;32;53,3522529602051;50,9583053588867;1925120;0;0,154776006937027;0;0;0;0;962560;0;100;-1;-1;-1;-1;-1;-1;-1;-1;-1;-1;-1;-1;-1;-1;-1;-1;-1;-1;-1;-1;2565,56880507469;
2;16777216;117;1;4;2;0;0;0;1;0;0;-1;-1;-1;115,884615384615;42,7350425720215;5,74143314361572;10;2;1;958464;1,81263697147369;5;32;5,9719557762146;4,59067296981812;1916928;0;7,62044620513916;0;0;0;0;958506,375;0;100;29,9579467773438;10;3,25;1,625;589824;2,94186210632324;3,07692289352417;32;52,2326240539551;49,8823547363281;1179648;0;0,0532989986240864;0;0;0;0;589824;0;100;-1;-1;-1;-1;-1;-1;-1;-1;-1;-1;-1;-1;-1;-1;-1;-1;-1;-1;-1;-1;4952,33397190387;
2;33554432;71;1;4;2;0;0;0;1;0;0;-1;-1;-1;155,339130434783;62,8873252868652;5,89082908630371;10;2;1;1163264;1,05552005767822;5;32;1,03541195392609;0,195871993899345;2326528;0;6,70762395858765;0;0;0;0;1163378,5;0;100;39,7234115600586;10;2;1;1163264;2,37928509712219;5;32;50,9325103759766;49,0312690734863;2326528;0;0,0423969998955727;0;0;0;0;1163264;0;100;-1;-1;-1;-1;-1;-1;-1;-1;-1;-1;-1;-1;-1;-1;-1;-1;-1;-1;-1;-1;9768,86242543096;
2;67108864;40;1;4;2;0;0;0;1;0;0;-1;-1;-1;156,012;123,800003051758;11,2300434112549;10;2;1;1310720;0,560387015342712;5;32;0,504284024238586;0,0570590011775494;2621440;0;3,44237804412842;0;0;0;0;1310866;0;100;51,6444320678711;10;2;1;1310720;1,825728058815;5;32;38,1017570495605;36,6521644592285;2621440;0;1,82863104343414;0;0;0;0;1310720,875;0;100;-1;-1;-1;-1;-1;-1;-1;-1;-1;-1;-1;-1;-1;-1;-1;-1;-1;-1;-1;-1;19314,2860761108;
2;65536;2381;1;4;2;0;1;1;1;1;1;-1;-1;-1;105,542592592593;2,19781589508057;5,58636617660522;10;2;1;76192;0,328559994697571;5;32;0,262847989797592;0;152384;0;0,00939499959349632;0;0;0;0;76192;0;100;7,84498596191406;10;2;1;76192;1,36181402206421;5;32;11,1028709411621;10,1188058853149;152384;0;19,4214916229248;0;0;0;0;76192;0;100;-1;-1;-1;-1;-1;-1;-1;-1;-1;-1;-1;-1;-1;-1;-1;-1;-1;-1;-1;-1;231,963187608012;
2;131072;2083;1;4;2;0;1;1;1;1;1;-1;-1;-1;106,25;2,25972199440002;7,32097101211548;10;2;1;133312;0,491185009479523;5;32;6,78180885314941;7,28674793243408;266624;0;0,457533001899719;0;0;0;0;133312;0;100;10,6362352371216;10;2;1;133312;1,96616399288177;5;32;26,6316261291504;25,1468105316162;266624;0;41,1847801208496;0;0;0;0;133312;0;100;-1;-1;-1;-1;-1;-1;-1;-1;-1;-1;-1;-1;-1;-1;-1;-1;-1;-1;-1;-1;240,095461905003;
2;262144;1923;1;4;2;0;1;1;1;1;1;-1;-1;-1;106,191304347826;2,39209604263306;10,2566776275635;10;2;1;246144;0,658204019069672;5;32;30,3079853057861;30,6071472167969;492288;0;2,89611411094666;0;0;0;0;246144;0;100;16,9614715576172;10;2;1;246144;2,29737305641174;5;32;41,8244667053223;40,0709609985352;492288;0;62,9184074401855;0;0;0;0;246144,9375;0;100;-1;-1;-1;-1;-1;-1;-1;-1;-1;-1;-1;-1;-1;-1;-1;-1;-1;-1;-1;-1;254,019798892477;
2;524288;1852;1;4;2;0;1;1;1;1;1;-1;-1;-1;106,209615384615;2,71382308006287;15,0025959014893;10;2;1;474112;0,801901996135712;5;32;55,7197875976563;55,9681205749512;948224;0;22,3394985198975;0;0;0;0;474112;0;100;25,8653717041016;10;2;1;474112;2,5028030872345;5;32;38,006290435791;36,0639343261719;948224;0;76,6737442016602;0;0;0;0;474113,5;0;100;-1;-1;-1;-1;-1;-1;-1;-1;-1;-1;-1;-1;-1;-1;-1;-1;-1;-1;-1;-1;288,234105555369;
2;1048576;1282;1;4;2;0;1;1;1;1;1;-1;-1;-1;105,827083333333;3,5756630897522;19,5105953216553;10;2;1;656384;0,928020000457764;5;32;73,3470840454102;73,4321212768555;1312768;0;53,6273078918457;0;0;0;0;656386,75;0;100;31,4331588745117;10;1,5600620508194;0,780031025409698;656384;3,1079580783844;6,40999984741211;32;25,3513507843018;22,9099235534668;1312768;0;46,614574432373;0;0;0;0;656384;0;100;-1;-1;-1;-1;-1;-1;-1;-1;-1;-1;-1;-1;-1;-1;-1;-1;-1;-1;-1;-1;378,40199577113;
2;2097152;862;1;4;2;0;1;1;1;1;1;-1;-1;-1;128,917391304348;5,13341093063354;25,456750869751;10;2;1;882688;0,990368008613586;5;32;83,3580932617188;83,4756622314453;1765376;0;74,2466201782227;0;0;0;0;883004,125;0;100;46,1763916015625;10;2;1;882688;2,52414107322693;5;32;10,8272132873535;8,8194408416748;1765376;0;20,8287467956543;0;0;0;0;882692,25;0;100;-1;-1;-1;-1;-1;-1;-1;-1;-1;-1;-1;-1;-1;-1;-1;-1;-1;-1;-1;-1;661,785945670501;
2;4194304;581;1;4;2;0;1;1;1;1;1;-1;-1;-1;157,00652173913;7,99311494827271;27,7945117950439;10;2;1;1189888;0,221438005566597;5;32;21,8347702026367;22,1522369384766;2379776;0;95,9049224853516;0;0;0;0;1190441;0;100;58,9680557250977;10;0,110155001282692;0,055077001452446;1189888;1,87777304649353;90,78125;32;4,80284404754639;3,30351495742798;2379776;0;8,05792713165283;0;0;0;0;1189896,25;0;100;-1;-1;-1;-1;-1;-1;-1;-1;-1;-1;-1;-1;-1;-1;-1;-1;-1;-1;-1;-1;1254,97117588935;
2;8388608;318;1;4;2;0;1;1;1;1;1;-1;-1;-1;158,706818181818;13,4591188430786;30,2024230957031;10;2;1;1302528;0,238640993833542;5;32;11,3911838531494;11,4707279205322;2605056;0;97,724365234375;0;0;0;0;1302880,5;0;100;66,156379699707;10;2;1;1302528;1,7834130525589;5;32;2,96729302406311;1,5434809923172;2605056;0;3,69252705574036;0;0;0;0;1302539,375;0;100;-1;-1;-1;-1;-1;-1;-1;-1;-1;-1;-1;-1;-1;-1;-1;-1;-1;-1;-1;-1;2136,05392711596;
2;16777216;179;1;4;2;0;1;1;1;1;1;-1;-1;-1;159,459090909091;24,2793292999268;31,7313709259033;10;2;1;1466368;0,250672996044159;5;32;6,1042218208313;6,04270792007446;2932736;0;98,5998077392578;0;0;0;0;1466764,875;0;100;70,4071807861328;10;5,04225301742554;2,52112698554993;581632;1,71104598045349;1,98324000835419;32;2,10615801811218;0,738655984401703;1163264;0;1,76964497566223;0;0;0;0;581632;0;100;-1;-1;-1;-1;-1;-1;-1;-1;-1;-1;-1;-1;-1;-1;-1;-1;-1;-1;-1;-1;3871,55977804878;
2;33554432;96;1;4;2;0;1;1;1;1;1;-1;-1;-1;159,965217391304;45,9895820617676;33,0693130493164;10;2;1;1572864;0,25593701004982;5;32;3,22661209106445;3,10029602050781;3145728;0;97,9201202392578;0;0;0;0;1573291;0;100;73,3356552124023;10;2;1;1572864;1,62926399707794;5;32;2,22138500213623;0,920194983482361;3145728;0;2,18933510780334;0;0;0;0;1572864;0;100;-1;-1;-1;-1;-1;-1;-1;-1;-1;-1;-1;-1;-1;-1;-1;-1;-1;-1;-1;-1;7356,73349224588;
2;67108864;49;1;4;2;0;1;1;1;1;1;-1;-1;-1;160,713636363636;90,3061218261719;32,645336151123;10;2;1;1605632;0,258729010820389;5;32;1,76126301288605;1,60013198852539;3211264;0;95,2129211425781;0;0;0;0;1606035,5;0;100;73,9695281982422;10;2;1;1605632;1,63096594810486;5;32;2,3137149810791;1,01119494438171;3211264;0;2,40070390701294;0;0;0;0;1605632;0;100;-1;-1;-1;-1;-1;-1;-1;-1;-1;-1;-1;-1;-1;-1;-1;-1;-1;-1;-1;-1;14513,4252245816;
2;65536;2632;1;4;2;0;1;2;1;1;2;-1;-1;-1;107,746;1,8427050113678;4,10776901245117;10;2;1;84224;0,536818981170654;5;32;0,429455995559692;0;168448;0;0;0;0;0;0;84224;0;100;6,19513082504272;10;2;1;84224;2,82411289215088;5;32;9,45515060424805;7,43829393386841;168448;0;0,619220972061157;0;0;0;0;84224;0;100;-1;-1;-1;-1;-1;-1;-1;-1;-1;-1;-1;-1;-1;-1;-1;-1;-1;-1;-1;-1;198,544094154835;
2;131072;2273;1;4;2;0;1;2;1;1;2;-1;-1;-1;105,134782608696;1,9788830280304;5,8038158416748;10;2;1;145472;0,707149028778076;5;32;8,38331031799316;8,91941356658936;290944;0;0,0461799986660481;0;0;0;0;145472;0;100;7,0406289100647;10;0,00352000002749264;0,00176000001374632;145472;4,66618680953979;2841,25;32;30,3476085662842;27,1107044219971;290944;0;3,34281992912292;0;0;0;0;145472;0;100;-1;-1;-1;-1;-1;-1;-1;-1;-1;-1;-1;-1;-1;-1;-1;-1;-1;-1;-1;-1;208,049436960013;
2;262144;2174;1;4;2;0;1;2;1;1;2;-1;-1;-1;105,84375;2,13109493255615;8,85767269134521;10;2;1;278272;0,859019994735718;5;32;35,8055114746094;36,2308959960938;556544;0;1,42075896263123;0;0;0;0;278272;0;100;9,40083122253418;10;2;1;278272;6,31096220016479;5;32;47,0373115539551;42,2223510742188;556544;0;6,23230218887329;0;0;0;0;278272;0;100;-1;-1;-1;-1;-1;-1;-1;-1;-1;-1;-1;-1;-1;-1;-1;-1;-1;-1;-1;-1;225,56307926774;
2;524288;1852;1;4;2;0;1;2;1;1;2;-1;-1;-1;99,0979166666667;2,62365007400513;12,6214666366577;10;2;1;474112;0,969824016094208;5;32;62,3972663879395;62,591007232666;948224;0;14,0857152938843;0;0;0;0;474112;0;100;12,3737030029297;10;2;1;474112;7,26866006851196;5;32;66,812744140625;61,2941093444824;948224;0;9,43549919128418;0;0;0;0;474112;0;100;-1;-1;-1;-1;-1;-1;-1;-1;-1;-1;-1;-1;-1;-1;-1;-1;-1;-1;-1;-1;259,998256396254;
2;1048576;1724;1;4;2;0;1;2;1;1;2;-1;-1;-1;104,212;2,86774897575378;21,9000453948975;10;2;1;882688;1,03589999675751;5;32;77,9032440185547;77,7371826171875;1765376;0;50,0942764282227;0;0;0;0;882688;0;100;18,5437164306641;10;2;1;882688;8,6480131149292;5;32;80,5797576904297;73,8401641845703;1765376;0;15,2067317962646;0;0;0;0;882688;0;100;-1;-1;-1;-1;-1;-1;-1;-1;-1;-1;-1;-1;-1;-1;-1;-1;-1;-1;-1;-1;298,853856261253;
2;2097152;980;1;4;2;0;1;2;1;1;2;-1;-1;-1;131,138888888889;3,59489798545837;19,1971588134766;10;2;1;1003520;0,543545007705688;5;32;79,2894897460938;79,6687927246094;2007040;0;76,1332244873047;0;0;0;0;1003880;0;100;29,0766582489014;10;2;1;1003520;7,66574478149414;5;32;90,707878112793;84,8635330200195;2007040;0;14,2921905517578;0;0;0;0;1003520,25;0;100;-1;-1;-1;-1;-1;-1;-1;-1;-1;-1;-1;-1;-1;-1;-1;-1;-1;-1;-1;-1;471,430927481916;
2;4194304;676;1;4;2;0;1;2;1;1;2;-1;-1;-1;137,126470588235;5,00739622116089;25,4399356842041;10;2;1;1384448;0,533470988273621;5;32;67,8466110229492;69,9991760253906;2768896;0;89,2004699707031;0;0;0;0;1385010,875;0;100;36,9999542236328;10;2;1;1384448;8,11686992645264;5;32;94,7031478881836;88,4330139160156;2768896;0;18,5063762664795;0;0;0;0;1384448,375;0;100;-1;-1;-1;-1;-1;-1;-1;-1;-1;-1;-1;-1;-1;-1;-1;-1;-1;-1;-1;-1;686,646570644659;
2;8388608;391;1;4;2;0;1;2;1;1;2;-1;-1;-1;151,644117647059;8,6265983581543;32,5313949584961;10;2;1;1601536;0,36064800620079;5;32;16,0903987884521;16,1937122344971;3203072;0;96,7254028320313;0;0;0;0;1601933,75;0;100;39,8059234619141;10;2;1;1601536;7,62985420227051;5;32;96,3749008178711;90,5669708251953;3203072;0;16,5043106079102;0;0;0;0;1601536,75;0;100;-1;-1;-1;-1;-1;-1;-1;-1;-1;-1;-1;-1;-1;-1;-1;-1;-1;-1;-1;-1;1308,17289631787;
2;16777216;212;1;4;2;0;1;2;1;1;2;-1;-1;-1;156,91875;15,3915090560913;35,6667861938477;10;2;1;1736704;0,354552000761032;5;32;7,65193605422974;7,52323722839355;3473408;0;97,9816284179688;0;0;0;0;1737089,125;0;100;51,5872039794922;10;2;1;1736704;5,46714687347412;5;32;98,235466003418;94,1416091918945;3473408;0;14,7455062866211;0;0;0;0;1736704,375;0;100;-1;-1;-1;-1;-1;-1;-1;-1;-1;-1;-1;-1;-1;-1;-1;-1;-1;-1;-1;-1;2415,21636169553;
2;33554432;113;1;4;2;0;1;2;1;1;2;-1;-1;-1;152,06875;28,8672561645508;37,8635177612305;10;2;1;1851392;0,355773001909256;5;32;3,93309092521667;3,72336101531982;3702784;0;97,1526260375977;0;0;0;0;1851762,625;0;100;56,9542388916016;10;2;1;1851392;4,81678104400635;5;32;98,6013946533203;94,986442565918;3702784;0;15,0383567810059;0;0;0;0;1851392,75;0;100;-1;-1;-1;-1;-1;-1;-1;-1;-1;-1;-1;-1;-1;-1;-1;-1;-1;-1;-1;-1;4389,80756087303;
2;67108864;57;1;4;2;0;1;2;1;1;2;-1;-1;-1;155,625;55,6315803527832;38,9819259643555;10;2;1;1867776;0,361943006515503;5;32;2,30218911170959;2,05874609947205;3735552;0;93,6406936645508;0;0;0;0;1868100,375;0;100;60,0100555419922;10;2;1;1867776;4,50181579589844;5;32;98,6947250366211;95,3304595947266;3735552;0;14,7962913513184;0;0;0;0;1867776,25;0;100;-1;-1;-1;-1;-1;-1;-1;-1;-1;-1;-1;-1;-1;-1;-1;-1;-1;-1;-1;-1;8657,66469240189;
2;65536;1515;1;4;2;0;0;0;2;0;0;-1;-1;-1;118,8125;2,58283805847168;3,38131594657898;10;2;1;48480;0,143977999687195;5;32;0,115181997418404;0;96960;0;0,000304999994114041;0;0;0;0;48480;0;100;-1;-1;-1;-1;-1;-1;-1;-1;-1;-1;-1;-1;-1;-1;-1;-1;-1;-1;-1;-1;-1;-1;-1;-1;-1;-1;-1;-1;-1;-1;-1;-1;-1;-1;-1;-1;-1;-1;-1;-1;306,873446822166;
2;131072;1667;1;4;2;0;0;0;2;0;0;-1;-1;-1;101,179411764706;3,27354502677917;5,21258878707886;10;2;1;106688;0,476173013448715;5;32;0,932821989059448;0,60556697845459;213376;0;4,09999993280508E-05;0;0;0;0;106688;0;100;-1;-1;-1;-1;-1;-1;-1;-1;-1;-1;-1;-1;-1;-1;-1;-1;-1;-1;-1;-1;-1;-1;-1;-1;-1;-1;-1;-1;-1;-1;-1;-1;-1;-1;-1;-1;-1;-1;-1;-1;331,215360194795;
2;262144;1515;1;4;2;0;0;0;2;0;0;-1;-1;-1;100,459375;3,45016503334045;6,01333379745483;10;2;1;193920;0,772616982460022;5;32;1,85979294776917;1,25690495967865;387840;0;0,651745021343231;0;0;0;0;193920;0;100;-1;-1;-1;-1;-1;-1;-1;-1;-1;-1;-1;-1;-1;-1;-1;-1;-1;-1;-1;-1;-1;-1;-1;-1;-1;-1;-1;-1;-1;-1;-1;-1;-1;-1;-1;-1;-1;-1;-1;-1;346,601422896236;
2;524288;1316;1;4;2;0;0;0;2;0;0;-1;-1;-1;95,3;3,93313097953796;7,41824817657471;10;2;1;336896;1,12233400344849;5;32;3,82888197898865;2,99699091911316;673792;0;3,48821496963501;0;0;0;0;336958,75;0;100;-1;-1;-1;-1;-1;-1;-1;-1;-1;-1;-1;-1;-1;-1;-1;-1;-1;-1;-1;-1;-1;-1;-1;-1;-1;-1;-1;-1;-1;-1;-1;-1;-1;-1;-1;-1;-1;-1;-1;-1;374,827382349968;
2;1048576;893;1;4;2;0;0;0;2;0;0;-1;-1;-1;104,3;5,56998920440674;8,08394241333008;10;2;1;457216;1,4434289932251;5;32;4,99231100082397;3,88866591453552;914432;0;5,67742204666138;0;0;0;0;457286,875;0;100;-1;-1;-1;-1;-1;-1;-1;-1;-1;-1;-1;-1;-1;-1;-1;-1;-1;-1;-1;-1;-1;-1;-1;-1;-1;-1;-1;-1;-1;-1;-1;-1;-1;-1;-1;-1;-1;-1;-1;-1;580,949874019623;
2;2097152;649;1;4;2;0;0;0;2;0;0;-1;-1;-1;130,039285714286;7,41602516174316;3,19937705993652;10;2;1;664576;1,59454703330994;5;32;4,34560918807983;3,1037609577179;1329152;0;11,6513900756836;0;0;0;0;664697,25;0;100;-1;-1;-1;-1;-1;-1;-1;-1;-1;-1;-1;-1;-1;-1;-1;-1;-1;-1;-1;-1;-1;-1;-1;-1;-1;-1;-1;-1;-1;-1;-1;-1;-1;-1;-1;-1;-1;-1;-1;-1;964,374614872251;
2;4194304;439;1;4;2;0;0;0;2;0;0;-1;-1;-1;135,346666666667;11,0751714706421;3,99698305130005;10;2;1;899072;1,54960799217224;5;32;2,73031997680664;1,50857794284821;1798144;0;11,7468223571777;0;0;0;0;899218,25;0;100;-1;-1;-1;-1;-1;-1;-1;-1;-1;-1;-1;-1;-1;-1;-1;-1;-1;-1;-1;-1;-1;-1;-1;-1;-1;-1;-1;-1;-1;-1;-1;-1;-1;-1;-1;-1;-1;-1;-1;-1;1498,98754131317;
2;8388608;218;1;4;2;0;0;0;2;0;0;-1;-1;-1;120,703333333333;22,894495010376;22,6002521514893;10;2;1;892928;0,41074401140213;5;32;0,517544984817505;0,191909000277519;1785856;0;2,39523911476135;0;0;0;0;893015,75;0;100;-1;-1;-1;-1;-1;-1;-1;-1;-1;-1;-1;-1;-1;-1;-1;-1;-1;-1;-1;-1;-1;-1;-1;-1;-1;-1;-1;-1;-1;-1;-1;-1;-1;-1;-1;-1;-1;-1;-1;-1;2763,44186273575;
2;16777216;116;1;4;2;0;0;0;2;0;0;-1;-1;-1;120,573333333333;43,0948295593262;5,88751792907715;10;2;1;950272;1,7328850030899;5;32;10,3927631378174;9,55241394042969;1900544;0;12,6578798294067;0;0;0;0;950313,5;0;100;-1;-1;-1;-1;-1;-1;-1;-1;-1;-1;-1;-1;-1;-1;-1;-1;-1;-1;-1;-1;-1;-1;-1;-1;-1;-1;-1;-1;-1;-1;-1;-1;-1;-1;-1;-1;-1;-1;-1;-1;5196,08724939982;
2;33554432;59;1;4;2;0;0;0;2;0;0;-1;-1;-1;151,892857142857;80,4406814575195;4,29056596755981;10;2;1;966656;1,12710404396057;5;32;1,10608696937561;0,207800000905991;1933312;0;7,06256198883057;0;0;0;0;966753,25;0;100;-1;-1;-1;-1;-1;-1;-1;-1;-1;-1;-1;-1;-1;-1;-1;-1;-1;-1;-1;-1;-1;-1;-1;-1;-1;-1;-1;-1;-1;-1;-1;-1;-1;-1;-1;-1;-1;-1;-1;-1;12218,3649371011;
2;67108864;31;1;4;2;0;0;0;2;0;0;-1;-1;-1;153,2;161,387100219727;7,57902479171753;10;2;1;1015808;0,645578980445862;5;32;0,58235102891922;0,0675150007009506;2031616;0;3,86621594429016;0;0;0;0;1015903;0;100;-1;-1;-1;-1;-1;-1;-1;-1;-1;-1;-1;-1;-1;-1;-1;-1;-1;-1;-1;-1;-1;-1;-1;-1;-1;-1;-1;-1;-1;-1;-1;-1;-1;-1;-1;-1;-1;-1;-1;-1;24724,5037536621;
2;65536;2273;1;4;2;0;1;1;2;1;1;-1;-1;-1;95,7933333333333;2,22481298446655;5,81412506103516;10;2;1;72736;0,324090987443924;5;32;0,259272992610931;0;145472;0;0,00258499989286065;0;0;0;0;72736;0;100;-1;-1;-1;-1;-1;-1;-1;-1;-1;-1;-1;-1;-1;-1;-1;-1;-1;-1;-1;-1;-1;-1;-1;-1;-1;-1;-1;-1;-1;-1;-1;-1;-1;-1;-1;-1;-1;-1;-1;-1;213,122251825333;
2;131072;2632;1;4;2;0;1;1;2;1;1;-1;-1;-1;97,0194444444444;2,30509090423584;7,41506481170654;10;2;1;168448;0,481613993644714;5;32;6,84519290924072;7,33310890197754;336896;0;0,42587798833847;0;0;0;0;168448;0;100;-1;-1;-1;-1;-1;-1;-1;-1;-1;-1;-1;-1;-1;-1;-1;-1;-1;-1;-1;-1;-1;-1;-1;-1;-1;-1;-1;-1;-1;-1;-1;-1;-1;-1;-1;-1;-1;-1;-1;-1;223,638638922903;
2;262144;2083;1;4;2;0;1;1;2;1;1;-1;-1;-1;97,6833333333334;2,4061450958252;10,4448299407959;10;2;1;266624;0,674803018569946;5;32;30,6254615783691;30,9629039764404;533248;0;2,36943697929382;0;0;0;0;266624;0;100;-1;-1;-1;-1;-1;-1;-1;-1;-1;-1;-1;-1;-1;-1;-1;-1;-1;-1;-1;-1;-1;-1;-1;-1;-1;-1;-1;-1;-1;-1;-1;-1;-1;-1;-1;-1;-1;-1;-1;-1;235,040273443858;
2;524288;2000;1;4;2;0;1;1;2;1;1;-1;-1;-1;95,3352941176471;2,84299993515015;13,3467197418213;10;2;1;512000;0,829710006713867;5;32;54,9491157531738;55,1287040710449;1024000;0;18,1943798065186;0;0;0;0;512000;0;100;-1;-1;-1;-1;-1;-1;-1;-1;-1;-1;-1;-1;-1;-1;-1;-1;-1;-1;-1;-1;-1;-1;-1;-1;-1;-1;-1;-1;-1;-1;-1;-1;-1;-1;-1;-1;-1;-1;-1;-1;271,038234993991;
2;1048576;1351;1;4;2;0;1;1;2;1;1;-1;-1;-1;101,566666666667;3,61658000946045;19,0560436248779;10;2;1;691712;0,948270976543427;5;32;72,0502548217773;72,0577926635742;1383424;0;51,7331085205078;0;0;0;0;691712;0;100;-1;-1;-1;-1;-1;-1;-1;-1;-1;-1;-1;-1;-1;-1;-1;-1;-1;-1;-1;-1;-1;-1;-1;-1;-1;-1;-1;-1;-1;-1;-1;-1;-1;-1;-1;-1;-1;-1;-1;-1;367,3239762942;
2;2097152;943;1;4;2;0;1;1;2;1;1;-1;-1;-1;137,461538461538;4,51219511032104;17,9317054748535;10;2;1;965632;0,424207985401154;5;32;72,3580474853516;72,8840484619141;1931264;0;81,3549499511719;0;0;0;0;966088,625;0;100;-1;-1;-1;-1;-1;-1;-1;-1;-1;-1;-1;-1;-1;-1;-1;-1;-1;-1;-1;-1;-1;-1;-1;-1;-1;-1;-1;-1;-1;-1;-1;-1;-1;-1;-1;-1;-1;-1;-1;-1;620,253281703362;
2;4194304;633;1;4;2;0;1;1;2;1;1;-1;-1;-1;86,7;7,09636688232422;23,341588973999;10;2;1;1296384;0,41007599234581;5;32;50,4214172363281;51,8003921508789;2592768;0;91,5055923461914;0;0;0;0;1296937,25;0;100;-1;-1;-1;-1;-1;-1;-1;-1;-1;-1;-1;-1;-1;-1;-1;-1;-1;-1;-1;-1;-1;-1;-1;-1;-1;-1;-1;-1;-1;-1;-1;-1;-1;-1;-1;-1;-1;-1;-1;-1;615,25500869751;
2;8388608;284;1;4;2;0;1;1;2;1;1;-1;-1;-1;150,281818181818;12,6197175979614;26,7669410705566;10;2;1;1163264;0,287997007369995;5;32;11,2007904052734;11,2091588973999;2326528;0;97,2648468017578;0;0;0;0;1163577,875;0;100;-1;-1;-1;-1;-1;-1;-1;-1;-1;-1;-1;-1;-1;-1;-1;-1;-1;-1;-1;-1;-1;-1;-1;-1;-1;-1;-1;-1;-1;-1;-1;-1;-1;-1;-1;-1;-1;-1;-1;-1;1896,51410556273;
2;16777216;165;1;4;2;0;1;1;2;1;1;-1;-1;-1;154,445833333333;23,6848487854004;25,7446804046631;10;2;1;1351680;0,318067997694016;5;32;6,32769298553467;6,23523092269897;2703360;0;98,2193603515625;0;0;0;0;1352010,5;0;100;-1;-1;-1;-1;-1;-1;-1;-1;-1;-1;-1;-1;-1;-1;-1;-1;-1;-1;-1;-1;-1;-1;-1;-1;-1;-1;-1;-1;-1;-1;-1;-1;-1;-1;-1;-1;-1;-1;-1;-1;3658,02620803515;
2;33554432;100;1;4;2;0;1;1;2;1;1;-1;-1;-1;156,307142857143;46,1500015258789;25,1440773010254;10;2;1;1638400;0,333599001169205;5;32;3,37966108322144;3,19248008728027;3276800;0;97,7867965698242;0;0;0;0;1638759,375;0;100;-1;-1;-1;-1;-1;-1;-1;-1;-1;-1;-1;-1;-1;-1;-1;-1;-1;-1;-1;-1;-1;-1;-1;-1;-1;-1;-1;-1;-1;-1;-1;-1;-1;-1;-1;-1;-1;-1;-1;-1;7213,57488136292;
2;67108864;48;1;4;2;0;1;1;2;1;1;-1;-1;-1;155,861538461538;91,8958358764648;25,0618877410889;10;2;1;1572864;0,343136012554169;5;32;1,88478899002075;1,65226602554321;3145728;0;95,205696105957;0;0;0;0;1573130,625;0;100;-1;-1;-1;-1;-1;-1;-1;-1;-1;-1;-1;-1;-1;-1;-1;-1;-1;-1;-1;-1;-1;-1;-1;-1;-1;-1;-1;-1;-1;-1;-1;-1;-1;-1;-1;-1;-1;-1;-1;-1;14323,0263579149;
2;65536;2632;1;4;2;0;1;2;2;1;2;-1;-1;-1;95,6666666666667;1,90349495410919;3,97191596031189;10;2;1;84224;0,529506027698517;5;32;0,423604995012283;0;168448;0;0;0;0;0;0;84224;0;100;-1;-1;-1;-1;-1;-1;-1;-1;-1;-1;-1;-1;-1;-1;-1;-1;-1;-1;-1;-1;-1;-1;-1;-1;-1;-1;-1;-1;-1;-1;-1;-1;-1;-1;-1;-1;-1;-1;-1;-1;182,101017276446;
2;131072;3125;1;4;2;0;1;2;2;1;2;-1;-1;-1;94,6447368421053;2,05663990974426;5,69604587554932;10;2;1;200000;0,700069010257721;5;32;8,24526977539063;9,17252445220947;400000;0;0,0606190003454685;0;0;0;0;200000;0;100;-1;-1;-1;-1;-1;-1;-1;-1;-1;-1;-1;-1;-1;-1;-1;-1;-1;-1;-1;-1;-1;-1;-1;-1;-1;-1;-1;-1;-1;-1;-1;-1;-1;-1;-1;-1;-1;-1;-1;-1;194,650143036717;
2;262144;2632;1;4;2;0;1;2;2;1;2;-1;-1;-1;0,032;2,18464994430542;8,8420352935791;10;2;1;336896;0,855403006076813;5;32;35,2728538513184;35,777759552002;673792;0;1,76064801216125;0;0;0;0;336896;0;100;-1;-1;-1;-1;-1;-1;-1;-1;-1;-1;-1;-1;-1;-1;-1;-1;-1;-1;-1;-1;-1;-1;-1;-1;-1;-1;-1;-1;-1;-1;-1;-1;-1;-1;-1;-1;-1;-1;-1;-1;0,0699087982177735;
2;524288;2174;1;4;2;0;1;2;2;1;2;-1;-1;-1;94,1882352941176;2,55243802070618;13,0167713165283;10;2;1;556544;0,967314004898071;5;32;61,8924942016602;61,7341461181641;1113088;0;16,3153076171875;0;0;0;0;556544;0;100;-1;-1;-1;-1;-1;-1;-1;-1;-1;-1;-1;-1;-1;-1;-1;-1;-1;-1;-1;-1;-1;-1;-1;-1;-1;-1;-1;-1;-1;-1;-1;-1;-1;-1;-1;-1;-1;-1;-1;-1;240,409632867925;
2;1048576;1667;1;4;2;0;1;2;2;1;2;-1;-1;-1;97,9;2,98260307312012;20,4966220855713;10;2;1;853504;1,03621804714203;5;32;77,9316024780273;77,7255554199219;1707008;0;50,7234191894531;0;0;0;0;853504;0;100;-1;-1;-1;-1;-1;-1;-1;-1;-1;-1;-1;-1;-1;-1;-1;-1;-1;-1;-1;-1;-1;-1;-1;-1;-1;-1;-1;-1;-1;-1;-1;-1;-1;-1;-1;-1;-1;-1;-1;-1;291,99684085846;
2;2097152;1020;1;4;2;0;1;2;2;1;2;-1;-1;-1;133,759090909091;3,50588202476501;19,6826667785645;10;2;1;1044480;0,496753990650177;5;32;78,3844833374023;78,8751983642578;2088960;0;70,6621627807617;0;0;0;0;1044763,25;0;100;-1;-1;-1;-1;-1;-1;-1;-1;-1;-1;-1;-1;-1;-1;-1;-1;-1;-1;-1;-1;-1;-1;-1;-1;-1;-1;-1;-1;-1;-1;-1;-1;-1;-1;-1;-1;-1;-1;-1;-1;468,943592467091;
2;4194304;562;1;4;2;0;1;2;2;1;2;-1;-1;-1;133,24;5,6245551109314;20,4157962799072;10;2;1;1150976;0,589187979698181;5;32;79,5134201049805;81,7983322143555;2301952;0;84,7184295654297;0;0;0;0;1151367,625;0;100;-1;-1;-1;-1;-1;-1;-1;-1;-1;-1;-1;-1;-1;-1;-1;-1;-1;-1;-1;-1;-1;-1;-1;-1;-1;-1;-1;-1;-1;-1;-1;-1;-1;-1;-1;-1;-1;-1;-1;-1;749,415722980499;
2;8388608;410;1;4;2;0;1;2;2;1;2;-1;-1;-1;149,403846153846;10,558536529541;23,0972480773926;10;2;1;1679360;0,440353006124496;5;32;22,8045043945313;23,2485198974609;3358720;0;95,7089233398438;0;0;0;0;1679744,5;0;100;-1;-1;-1;-1;-1;-1;-1;-1;-1;-1;-1;-1;-1;-1;-1;-1;-1;-1;-1;-1;-1;-1;-1;-1;-1;-1;-1;-1;-1;-1;-1;-1;-1;-1;-1;-1;-1;-1;-1;-1;1577,48596726931;
2;16777216;205;1;4;2;0;1;2;2;1;2;-1;-1;-1;153,620833333333;19,9756107330322;24,096996307373;10;2;1;1679360;0,406177997589111;5;32;8,04759311676025;7,90894603729248;3358720;0;97,457633972168;0;0;0;0;1679671,5;0;100;-1;-1;-1;-1;-1;-1;-1;-1;-1;-1;-1;-1;-1;-1;-1;-1;-1;-1;-1;-1;-1;-1;-1;-1;-1;-1;-1;-1;-1;-1;-1;-1;-1;-1;-1;-1;-1;-1;-1;-1;3068,66996715069;
2;33554432;108;1;4;2;0;1;2;2;1;2;-1;-1;-1;153,75;39,1851844787598;24,2406940460205;10;2;1;1769472;0,4081130027771;5;32;4,09126615524292;3,83998107910156;3538944;0;97,6494903564453;0;0;0;0;1769817,375;0;100;-1;-1;-1;-1;-1;-1;-1;-1;-1;-1;-1;-1;-1;-1;-1;-1;-1;-1;-1;-1;-1;-1;-1;-1;-1;-1;-1;-1;-1;-1;-1;-1;-1;-1;-1;-1;-1;-1;-1;-1;6024,72211360931;
2;67108864;54;1;4;2;0;1;2;2;1;2;-1;-1;-1;155,834615384615;77,1111145019531;24,6798973083496;10;2;1;1769472;0,407891988754272;5;32;2,28846096992493;2,00601506233215;3538944;0;93,4440155029297;0;0;0;0;1769764;0;100;-1;-1;-1;-1;-1;-1;-1;-1;-1;-1;-1;-1;-1;-1;-1;-1;-1;-1;-1;-1;-1;-1;-1;-1;-1;-1;-1;-1;-1;-1;-1;-1;-1;-1;-1;-1;-1;-1;-1;-1;12016,5808702909;
2;65536;2000;1;4;2;1;0;0;2;0;0;-1;-1;-1;94,2227272727273;2,63899993896484;-1;-1;-1;-1;-1;-1;-1;-1;-1;-1;-1;-1;-1;-1;-1;-1;-1;-1;-1;-1;9,22385883331299;10;2;1;64000;0,69488400220871;5;32;2,47461700439453;1,94417905807495;128000;0;1,59330594539642;0;0;0;0;64000;0;100;-1;-1;-1;-1;-1;-1;-1;-1;-1;-1;-1;-1;-1;-1;-1;-1;-1;-1;-1;-1;248,653771521828;
2;131072;1724;1;4;2;1;0;0;2;0;0;-1;-1;-1;102,771428571429;3,03016209602356;-1;-1;-1;-1;-1;-1;-1;-1;-1;-1;-1;-1;-1;-1;-1;-1;-1;-1;-1;-1;5,95578813552856;10;2;1;110336;1,97312104701996;5;32;7,97658777236938;6,42858219146729;220672;0;5,87386989593506;0;0;0;0;110337;0;100;-1;-1;-1;-1;-1;-1;-1;-1;-1;-1;-1;-1;-1;-1;-1;-1;-1;-1;-1;-1;311,414087411336;
2;262144;1351;1;4;2;1;0;0;2;0;0;-1;-1;-1;102,086111111111;3,31976294517517;-1;-1;-1;-1;-1;-1;-1;-1;-1;-1;-1;-1;-1;-1;-1;-1;-1;-1;-1;-1;7,34797716140747;10;2;1;172928;2,97938299179077;5;32;16,6705894470215;14,3402090072632;345856;0;2,11521291732788;0;0;0;0;172928;0;100;-1;-1;-1;-1;-1;-1;-1;-1;-1;-1;-1;-1;-1;-1;-1;-1;-1;-1;-1;-1;338,901688883702;
2;524288;1389;1;4;2;1;0;0;2;0;0;-1;-1;-1;102,5;3,82289409637451;-1;-1;-1;-1;-1;-1;-1;-1;-1;-1;-1;-1;-1;-1;-1;-1;-1;-1;-1;-1;10,6864032745361;10;2;1;355584;3,6959400177002;5;32;24,3204669952393;21,3848323822021;711168;0;1,68814301490784;0;0;0;0;355584,0625;0;100;-1;-1;-1;-1;-1;-1;-1;-1;-1;-1;-1;-1;-1;-1;-1;-1;-1;-1;-1;-1;391,846644878387;
2;1048576;926;1;4;2;1;0;0;2;0;0;-1;-1;-1;105,4125;5,20518398284912;-1;-1;-1;-1;-1;-1;-1;-1;-1;-1;-1;-1;-1;-1;-1;-1;-1;-1;-1;-1;14,247013092041;10;2;1;474112;4,11039686203003;5;32;27,6573715209961;24,3854999542236;948224;0;1,16426503658295;0;0;0;0;474112;0;100;-1;-1;-1;-1;-1;-1;-1;-1;-1;-1;-1;-1;-1;-1;-1;-1;-1;-1;-1;-1;548,691456592083;
2;2097152;676;1;4;2;1;0;0;2;0;0;-1;-1;-1;108,02;7,24260377883911;-1;-1;-1;-1;-1;-1;-1;-1;-1;-1;-1;-1;-1;-1;-1;-1;-1;-1;-1;-1;20,7357292175293;10;2;1;692224;3,94284296035767;5;32;36,3759956359863;33,2326469421387;1384448;0;4,57137680053711;0;0;0;0;692224,8125;0;100;-1;-1;-1;-1;-1;-1;-1;-1;-1;-1;-1;-1;-1;-1;-1;-1;-1;-1;-1;-1;782,346060190201;
2;4194304;407;1;4;2;1;0;0;2;0;0;-1;-1;-1;85;11,8894348144531;-1;-1;-1;-1;-1;-1;-1;-1;-1;-1;-1;-1;-1;-1;-1;-1;-1;-1;-1;-1;24,4632663726807;10;2;1;833536;3,89060711860657;5;32;40,410228729248;37,3047561645508;1667072;0;8,63021564483643;0;0;0;0;833536,5625;0;100;-1;-1;-1;-1;-1;-1;-1;-1;-1;-1;-1;-1;-1;-1;-1;-1;-1;-1;-1;-1;1010,60195922852;
2;8388608;210;1;4;2;1;0;0;2;0;0;-1;-1;-1;108,589473684211;21,466667175293;-1;-1;-1;-1;-1;-1;-1;-1;-1;-1;-1;-1;-1;-1;-1;-1;-1;-1;-1;-1;29,4416427612305;10;2;1;860160;2,74874806404114;5;32;54,5698471069336;52,377815246582;1720320;0;0,109780997037888;0;0;0;0;860160;0;100;-1;-1;-1;-1;-1;-1;-1;-1;-1;-1;-1;-1;-1;-1;-1;-1;-1;-1;-1;-1;2331,05409031918;
2;16777216;113;1;4;2;1;0;0;2;0;0;-1;-1;-1;105,8;43,2389373779297;-1;-1;-1;-1;-1;-1;-1;-1;-1;-1;-1;-1;-1;-1;-1;-1;-1;-1;-1;-1;32,281120300293;10;2;1;925696;2,48484301567078;5;32;54,3820114135742;52,3960227966309;1851392;0;0,0245459992438555;0;0;0;0;925696;0;100;-1;-1;-1;-1;-1;-1;-1;-1;-1;-1;-1;-1;-1;-1;-1;-1;-1;-1;-1;-1;4574,67957458496;
2;33554432;56;1;4;2;1;0;0;2;0;0;-1;-1;-1;108,344736842105;85,375;-1;-1;-1;-1;-1;-1;-1;-1;-1;-1;-1;-1;-1;-1;-1;-1;-1;-1;-1;-1;32,8446044921875;10;2;1;917504;2,52141690254211;5;32;53,420654296875;51,4073066711426;1835008;0;0,0256220009177923;0;0;0;0;917504;0;100;-1;-1;-1;-1;-1;-1;-1;-1;-1;-1;-1;-1;-1;-1;-1;-1;-1;-1;-1;-1;9249,93190789474;
2;67108864;29;1;4;2;1;0;0;2;0;0;-1;-1;-1;107,7875;168,482757568359;-1;-1;-1;-1;-1;-1;-1;-1;-1;-1;-1;-1;-1;-1;-1;-1;-1;-1;-1;-1;41,5343360900879;10;2;1;950272;2,06339502334595;5;32;36,7443351745605;35,1072006225586;1900544;0;0,77987402677536;0;0;0;0;950272,5;0;100;-1;-1;-1;-1;-1;-1;-1;-1;-1;-1;-1;-1;-1;-1;-1;-1;-1;-1;-1;-1;18160,3352313995;
2;65536;2632;1;4;2;1;1;1;2;1;1;-1;-1;-1;97,9809523809524;2,00266003608704;-1;-1;-1;-1;-1;-1;-1;-1;-1;-1;-1;-1;-1;-1;-1;-1;-1;-1;-1;-1;8,05664443969727;10;2;1;84224;1,29926097393036;5;32;11,6990346908569;10,7849445343018;168448;0;19,3485126495361;0;0;0;0;84224;0;100;-1;-1;-1;-1;-1;-1;-1;-1;-1;-1;-1;-1;-1;-1;-1;-1;-1;-1;-1;-1;196,22253763108;
2;131072;2778;1;4;2;1;1;1;2;1;1;-1;-1;-1;100,821739130435;2,09431195259094;-1;-1;-1;-1;-1;-1;-1;-1;-1;-1;-1;-1;-1;-1;-1;-1;-1;-1;-1;-1;11,4739608764648;10;2;1;177792;1,95967900753021;5;32;28,321704864502;26,824520111084;355584;0;38,3713531494141;0;0;0;0;177792;0;100;-1;-1;-1;-1;-1;-1;-1;-1;-1;-1;-1;-1;-1;-1;-1;-1;-1;-1;-1;-1;211,152173341875;
2;262144;2500;1;4;2;1;1;1;2;1;1;-1;-1;-1;95,4666666666667;2,36240005493164;-1;-1;-1;-1;-1;-1;-1;-1;-1;-1;-1;-1;-1;-1;-1;-1;-1;-1;-1;-1;16,4120845794678;10;0,659200012683868;0,329600006341934;320000;2,42724609375;15,1699028015137;32;45,5775032043457;43,7390213012695;640000;0;59,4113006591797;0;0;0;0;320000;0;100;-1;-1;-1;-1;-1;-1;-1;-1;-1;-1;-1;-1;-1;-1;-1;-1;-1;-1;-1;-1;225,530458577474;
2;524288;2174;1;4;2;1;1;1;2;1;1;-1;-1;-1;97,0326086956522;2,76448893547058;-1;-1;-1;-1;-1;-1;-1;-1;-1;-1;-1;-1;-1;-1;-1;-1;-1;-1;-1;-1;23,819522857666;10;2;1;556544;2,74472689628601;5;32;56,7868309020996;54,6413192749023;1113088;0;74,0514831542969;0;0;0;0;556544;0;100;-1;-1;-1;-1;-1;-1;-1;-1;-1;-1;-1;-1;-1;-1;-1;-1;-1;-1;-1;-1;268,245573118977;
2;1048576;1190;1;4;2;1;1;1;2;1;1;-1;-1;-1;102,921875;3,35294103622437;-1;-1;-1;-1;-1;-1;-1;-1;-1;-1;-1;-1;-1;-1;-1;-1;-1;-1;-1;-1;30,7757682800293;10;68;34;17920;3,18771409988403;0,147058993577957;32;36,2750434875488;33,7656173706055;35840;0;49,4789161682129;0;0;0;0;17920;0;100;-1;-1;-1;-1;-1;-1;-1;-1;-1;-1;-1;-1;-1;-1;-1;-1;-1;-1;-1;-1;345,090978212655;
2;2097152;1087;1;4;2;1;1;1;2;1;1;-1;-1;-1;107,285;4,44986200332642;-1;-1;-1;-1;-1;-1;-1;-1;-1;-1;-1;-1;-1;-1;-1;-1;-1;-1;-1;-1;36,036304473877;10;2;1;1113088;4,22092390060425;5;32;18,1131916046143;14,7567539215088;2226176;0;26,7977085113525;0;0;0;0;1113088;0;100;-1;-1;-1;-1;-1;-1;-1;-1;-1;-1;-1;-1;-1;-1;-1;-1;-1;-1;-1;-1;477,403445026875;
2;4194304;676;1;4;2;1;1;1;2;1;1;-1;-1;-1;108,897368421053;6,84467506408691;-1;-1;-1;-1;-1;-1;-1;-1;-1;-1;-1;-1;-1;-1;-1;-1;-1;-1;-1;-1;46,7368469238281;10;3,03820204734802;1,51910102367401;911360;3,59167790412903;3,29141998291016;32;8,93323040008545;6,07002401351929;1822720;0;11,6341438293457;0;0;0;0;911363,125;0;100;-1;-1;-1;-1;-1;-1;-1;-1;-1;-1;-1;-1;-1;-1;-1;-1;-1;-1;-1;-1;745,367102176265;
2;8388608;385;1;4;2;1;1;1;2;1;1;-1;-1;-1;110,018421052632;12,1168832778931;-1;-1;-1;-1;-1;-1;-1;-1;-1;-1;-1;-1;-1;-1;-1;-1;-1;-1;-1;-1;55,8305969238281;10;2;1;1576960;2,76919889450073;5;32;4,30311679840088;2,09011292457581;3153920;0;4,27675008773804;0;0;0;0;1576960;0;100;-1;-1;-1;-1;-1;-1;-1;-1;-1;-1;-1;-1;-1;-1;-1;-1;-1;-1;-1;-1;1333,08036631283;
2;16777216;203;1;4;2;1;1;1;2;1;1;-1;-1;-1;109,897368421053;22,7832508087158;-1;-1;-1;-1;-1;-1;-1;-1;-1;-1;-1;-1;-1;-1;-1;-1;-1;-1;-1;-1;58,6060180664063;10;2,47561001777649;1,23780500888824;1343488;2,74511504173279;4,03940916061401;32;3,3690938949585;1,1744019985199;2686976;0;2,14244794845581;0;0;0;0;1343488;0;100;-1;-1;-1;-1;-1;-1;-1;-1;-1;-1;-1;-1;-1;-1;-1;-1;-1;-1;-1;-1;2503,81930795469;
2;33554432;106;1;4;2;1;1;1;2;1;1;-1;-1;-1;111,110526315789;44,3396224975586;-1;-1;-1;-1;-1;-1;-1;-1;-1;-1;-1;-1;-1;-1;-1;-1;-1;-1;-1;-1;59,154167175293;10;2;1;1736704;2,76437306404114;5;32;3,62528204917908;1,41804599761963;3473408;0;2,56780505180359;0;0;0;0;1736707;0;100;-1;-1;-1;-1;-1;-1;-1;-1;-1;-1;-1;-1;-1;-1;-1;-1;-1;-1;-1;-1;4926,59879234715;
2;67108864;53;1;4;2;1;1;1;2;1;1;-1;-1;-1;108,821052631579;87,6415100097656;-1;-1;-1;-1;-1;-1;-1;-1;-1;-1;-1;-1;-1;-1;-1;-1;-1;-1;-1;-1;59,3015594482422;10;3,21212100982666;1,60606098175049;1081344;2,80561709403992;3,11320805549622;32;3,79832291603088;1,55774700641632;2162688;0;2,89523911476135;0;0;0;0;1081344;0;100;-1;-1;-1;-1;-1;-1;-1;-1;-1;-1;-1;-1;-1;-1;-1;-1;-1;-1;-1;-1;9537,24137348376;
2;65536;2778;1;4;2;1;1;2;2;1;2;-1;-1;-1;95,1404761904762;1,89092898368835;-1;-1;-1;-1;-1;-1;-1;-1;-1;-1;-1;-1;-1;-1;-1;-1;-1;-1;-1;-1;5,06213188171387;10;2;1;88896;2,86595106124878;5;32;8,34731769561768;6,34200382232666;177792;0;0,52716201543808;0;0;0;0;88896;0;100;-1;-1;-1;-1;-1;-1;-1;-1;-1;-1;-1;-1;-1;-1;-1;-1;-1;-1;-1;-1;179,903883950483;
2;131072;2778;1;4;2;1;1;2;2;1;2;-1;-1;-1;95,3704545454546;1,90712702274323;-1;-1;-1;-1;-1;-1;-1;-1;-1;-1;-1;-1;-1;-1;-1;-1;-1;-1;-1;-1;6,58527994155884;10;9,93917846679688;4,96958923339844;35776;4,75831604003906;1,00611901283264;32;23,9658241271973;20,6299648284912;71552;0;2,10656809806824;0;0;0;0;35776;0;100;-1;-1;-1;-1;-1;-1;-1;-1;-1;-1;-1;-1;-1;-1;-1;-1;-1;-1;-1;-1;181,883571034941;
2;262144;2500;1;4;2;1;1;2;2;1;2;-1;-1;-1;94,6809523809524;2,0796000957489;-1;-1;-1;-1;-1;-1;-1;-1;-1;-1;-1;-1;-1;-1;-1;-1;-1;-1;-1;-1;8,04141521453857;10;2;1;320000;6,30936193466187;5;32;42,7253837585449;38,1959457397461;640000;0;5,55803298950195;0;0;0;0;320000;0;100;-1;-1;-1;-1;-1;-1;-1;-1;-1;-1;-1;-1;-1;-1;-1;-1;-1;-1;-1;-1;196,898517637026;
2;524288;2632;1;4;2;1;1;2;2;1;2;-1;-1;-1;96,486;2,29103302955627;-1;-1;-1;-1;-1;-1;-1;-1;-1;-1;-1;-1;-1;-1;-1;-1;-1;-1;-1;-1;10,979320526123;10;2;1;673792;8,21799945831299;5;32;64,9482879638672;58,9354057312012;1347584;0;10,7343997955322;0;0;0;0;673792;0;100;-1;-1;-1;-1;-1;-1;-1;-1;-1;-1;-1;-1;-1;-1;-1;-1;-1;-1;-1;-1;221,052612889767;
2;1048576;2083;1;4;2;1;1;2;2;1;2;-1;-1;-1;105,8925;2,34949588775635;-1;-1;-1;-1;-1;-1;-1;-1;-1;-1;-1;-1;-1;-1;-1;-1;-1;-1;-1;-1;20,540340423584;10;2;1;1066496;8,12145900726318;5;32;83,2243957519531;76,9528350830078;2132992;0;11,9315328598022;0;0;0;0;1066496;0;100;-1;-1;-1;-1;-1;-1;-1;-1;-1;-1;-1;-1;-1;-1;-1;-1;-1;-1;-1;-1;248,793993294239;
2;2097152;1316;1;4;2;1;1;2;2;1;2;-1;-1;-1;109,805882352941;3,27203607559204;-1;-1;-1;-1;-1;-1;-1;-1;-1;-1;-1;-1;-1;-1;-1;-1;-1;-1;-1;-1;26,4895191192627;10;2;1;1347584;8,62484741210938;5;32;89,3704833984375;82,8044738769531;2695168;0;16,513744354248;0;0;0;0;1347584,5;0;100;-1;-1;-1;-1;-1;-1;-1;-1;-1;-1;-1;-1;-1;-1;-1;-1;-1;-1;-1;-1;359,288808371039;
2;4194304;794;1;4;2;1;1;2;2;1;2;-1;-1;-1;102,211111111111;5,34382915496826;-1;-1;-1;-1;-1;-1;-1;-1;-1;-1;-1;-1;-1;-1;-1;-1;-1;-1;-1;-1;27,273307800293;10;2;1;1626112;10,1921520233154;5;32;93,6651458740234;85,7094192504883;3252224;0;18,5316715240479;0;0;0;0;1626112,125;0;100;-1;-1;-1;-1;-1;-1;-1;-1;-1;-1;-1;-1;-1;-1;-1;-1;-1;-1;-1;-1;546,198715517256;
2;8388608;424;1;4;2;1;1;2;2;1;2;-1;-1;-1;109,602941176471;10,0801887512207;-1;-1;-1;-1;-1;-1;-1;-1;-1;-1;-1;-1;-1;-1;-1;-1;-1;-1;-1;-1;28,1867160797119;10;2;1;1736704;10,3888101577759;5;32;96,1872253417969;88,0464553833008;3473408;0;17,7048664093018;0;0;0;0;1736704,25;0;100;-1;-1;-1;-1;-1;-1;-1;-1;-1;-1;-1;-1;-1;-1;-1;-1;-1;-1;-1;-1;1104,81833474776;
2;16777216;218;1;4;2;1;1;2;2;1;2;-1;-1;-1;107,852777777778;19,3348617553711;-1;-1;-1;-1;-1;-1;-1;-1;-1;-1;-1;-1;-1;-1;-1;-1;-1;-1;-1;-1;36,1304130554199;10;2;1;1785856;7,05030822753906;5;32;97,8362579345703;92,4459991455078;3571712;0;15,2820930480957;0;0;0;0;1785857;0;100;-1;-1;-1;-1;-1;-1;-1;-1;-1;-1;-1;-1;-1;-1;-1;-1;-1;-1;-1;-1;2085,31854826609;
2;33554432;107;1;4;2;1;1;2;2;1;2;-1;-1;-1;109,7625;38,0280380249023;-1;-1;-1;-1;-1;-1;-1;-1;-1;-1;-1;-1;-1;-1;-1;-1;-1;-1;-1;-1;42,4688987731934;10;2;1;1753088;5,84526300430298;5;32;98,234748840332;93,7962875366211;3506176;0;16,1797065734863;0;0;0;0;1753088,125;0;100;-1;-1;-1;-1;-1;-1;-1;-1;-1;-1;-1;-1;-1;-1;-1;-1;-1;-1;-1;-1;4174,05252370834;
2;67108864;55;1;4;2;1;1;2;2;1;2;-1;-1;-1;108,909375;74,8909072875977;-1;-1;-1;-1;-1;-1;-1;-1;-1;-1;-1;-1;-1;-1;-1;-1;-1;-1;-1;-1;45,9404067993164;10;2;1;1802240;5,27213478088379;5;32;98,5481262207031;94,5713348388672;3604480;0;13,8871631622314;0;0;0;0;1802240,25;0;100;-1;-1;-1;-1;-1;-1;-1;-1;-1;-1;-1;-1;-1;-1;-1;-1;-1;-1;-1;-1;8156,32190587521;
2;65536;1010;1;4;3;0;0;0;1;0;0;2;0;0;97,25;3,09405899047852;7,12615203857422;10;2;1;22220;0,127939000725746;5;32;0,102351002395153;0;43177,5;0;0;0;0;0;0;21588,75;0;100;8,58555316925049;10;2;1;22220;0,526080012321472;5;32;1,79989099502563;1,4064689874649;43177,5;0;1,04863297939301;0;0;0;0;21399,375;0;100;-1;-1;-1;-1;-1;-1;-1;-1;-1;-1;-1;-1;-1;-1;-1;-1;-1;-1;-1;-1;300,897236824036;
2;131072;926;1;4;3;0;0;0;1;0;0;2;0;0;106,776315789474;3,48380088806152;4,33443784713745;9,90909099578857;1,95454502105713;0,977272987365723;40744;0,369421005249023;5,06976699829102;31,8348617553711;0,336950987577438;0,0581029988825321;79057,25;0;0,00176400004420429;0;0;0;0;39818;0;100;5,26798677444458;9,90909099578857;1,95454502105713;0,977272987365723;40744;1,46274197101593;5,06976699829102;31,8348617553711;5,64709615707397;4,54314279556274;79057,25;0;3,49412202835083;0;0;0;0;39355;0;100;-1;-1;-1;-1;-1;-1;-1;-1;-1;-1;-1;-1;-1;-1;-1;-1;-1;-1;-1;-1;371,987423771306;
2;262144;901;1;4;3;0;0;0;1;0;0;2;0;0;106,2825;3,62264204025269;4,65429019927979;10;2;1;77486;0,652755975723267;5;32;1,57731902599335;1,11341595649719;153845,75;0;0,000390000001061708;0;0;0;0;76922,875;0;100;5,9511981010437;10;2;1;77486;2,43135190010071;5;32;13,5999374389648;11,691107749939;153845,75;0;12,8999633789063;0;0;0;0;76763,3125;0;100;-1;-1;-1;-1;-1;-1;-1;-1;-1;-1;-1;-1;-1;-1;-1;-1;-1;-1;-1;-1;385,023452643156;
2;524288;757;1;4;3;0;0;0;1;0;0;2;0;0;108,323684210526;4,31175708770752;4,88317680358887;9,97674465179443;1,98837196826935;0,994185984134674;130204;1,03666198253632;5,01754379272461;31,9580421447754;2,81897807121277;2,05523300170898;258420,875;0;1,91658401489258;0;0;0;0;129447;0;100;7,58864307403564;9,97674465179443;1,98837196826935;0,994185984134674;130204;3,32374405860901;5,01754379272461;31,9580421447754;26,1189556121826;23,5675144195557;258420,875;0;11,2682313919067;0;0;0;0;129074,3125;0;100;-1;-1;-1;-1;-1;-1;-1;-1;-1;-1;-1;-1;-1;-1;-1;-1;-1;-1;-1;-1;467,065413161328;
2;1048576;565;1;4;3;0;0;0;1;0;0;2;0;0;106,411764705882;4,80354022979736;6,96494197845459;10;2;1;193230;1,28383994102478;5;32;4,6743221282959;3,69940805435181;385753,75;0;4,45054197311401;0;0;0;0;192909,875;0;100;11,1523542404175;10;2;1;193230;3,98327898979187;5;32;26,5931835174561;23,4328727722168;385753,75;0;2,96416807174683;0;0;0;0;192770,9375;0;100;-1;-1;-1;-1;-1;-1;-1;-1;-1;-1;-1;-1;-1;-1;-1;-1;-1;-1;-1;-1;511,153192688437;
2;2097152;366;1;4;3;0;0;0;1;0;0;2;0;0;109,940625;7,36885213851929;7,50228214263916;9,9941520690918;1,9970760345459;0,998538017272949;250344;1,58332300186157;5,00439310073853;31,9894676208496;4,5323338508606;3,30917501449585;499727,25;0;6,43385696411133;0;0;0;0;250003,875;0;100;14,7065887451172;9,9941520690918;1,9970760345459;0,998538017272949;250344;4,06928300857544;5,00439310073853;31,9894676208496;30,5665092468262;27,3387985229492;499727,25;0;3,19472694396973;0;0;0;0;249795;0;100;-1;-1;-1;-1;-1;-1;-1;-1;-1;-1;-1;-1;-1;-1;-1;-1;-1;-1;-1;-1;810,136209641397;
2;4194304;256;1;4;3;0;0;0;1;0;0;2;0;0;113,227777777778;11,609375;12,7457857131958;10;2;1;349696;0,896059989929199;5;32;1,71642696857452;1,01394104957581;699072;0;4,19427490234375;0;0;0;0;349571,375;0;100;19,5473766326904;10;2;1;349696;3,93908500671387;5;32;36,8488349914551;33,7146987915039;699072;0;5,24651193618774;0;0;0;0;349488,375;0;100;-1;-1;-1;-1;-1;-1;-1;-1;-1;-1;-1;-1;-1;-1;-1;-1;-1;-1;-1;-1;1314,50373263889;
2;8388608;150;1;4;3;0;0;0;1;0;0;2;0;0;124,391176470588;19,5066661834717;15,1877698898315;9,99853610992432;1,99926805496216;0,999634027481079;409800;0,502835988998413;5,00109910964966;31,9973640441895;0,716551005840302;0,321377009153366;819206,25;0;2,6693799495697;0;0;0;0;409682,75;0;100;24,8960361480713;9,99853610992432;1,99926805496216;0,999634027481079;409800;2,71585488319397;5,00109910964966;31,9973640441895;57,0029411315918;54,8544006347656;819206,25;0;4,57198095321655;0;0;0;0;409575;0;100;-1;-1;-1;-1;-1;-1;-1;-1;-1;-1;-1;-1;-1;-1;-1;-1;-1;-1;-1;-1;2426,45715558108;
2;16777216;90;1;4;3;0;0;0;1;0;0;2;0;0;125,723684210526;35,8555564880371;8,68595600128174;10;2;1;491580;0,8923100233078;5;32;1,0540189743042;0,348865985870361;983047,5;0;4,66984081268311;0;0;0;0;491543,625;0;100;27,9394226074219;10;2;1;491580;2,53210496902466;5;32;52,1258583068848;50,114429473877;983047,5;0;2,09598398208618;0;0;0;0;491506,875;0;100;-1;-1;-1;-1;-1;-1;-1;-1;-1;-1;-1;-1;-1;-1;-1;-1;-1;-1;-1;-1;4507,89266109467;
2;33554432;41;1;4;3;0;0;0;1;0;0;2;0;0;155,688235294118;72,0487823486328;3,49492597579956;9,9996337890625;1,99981701374054;0,999907970428467;447884;1,06021702289581;5,00027513504028;31,999340057373;1,05730199813843;0,215393006801605;895660,375;0;5,92491579055786;0;0;0;0;447861,5;0;100;29,914249420166;9,9996337890625;1,99981701374054;0,999907970428467;447884;2,37056994438171;5,00027513504028;31,999340057373;48,4626502990723;46,5732803344727;895660,375;0;2,47138810157776;0;0;0;0;447822,5625;0;100;-1;-1;-1;-1;-1;-1;-1;-1;-1;-1;-1;-1;-1;-1;-1;-1;-1;-1;-1;-1;11217,1477789486;
2;67108864;23;1;4;3;0;0;0;1;0;0;2;0;0;157,2825;140,869567871094;7,90904712677002;10;2;1;502458;0,475239992141724;5;32;0,433582991361618;0,0550660006701946;1004887,25;0;2,26939702033997;0;0;0;0;502452,375;0;100;41,4593734741211;10;0,434783011674881;0,21739099919796;502458;1,73842799663544;23;32;32,1522750854492;30,7763233184814;1004887,25;0;0,900784015655518;0;0;0;0;502439,5625;0;100;-1;-1;-1;-1;-1;-1;-1;-1;-1;-1;-1;-1;-1;-1;-1;-1;-1;-1;-1;-1;22156,3178086853;
2;65536;741;1;4;3;0;1;1;1;1;1;2;1;1;104,295;2,26315808296204;4,90368890762329;10;2;1;16302;0,259232997894287;5;32;0,207386001944542;0;31677,75;0;0;0;0;0;0;15838,875;0;100;6,6077938079834;10;2;1;16302;1,11598598957062;5;32;5,08239889144897;4,2665491104126;31677,75;0;8,27566432952881;0;0;0;0;15699,9375;0;100;-1;-1;-1;-1;-1;-1;-1;-1;-1;-1;-1;-1;-1;-1;-1;-1;-1;-1;-1;-1;236,036072262526;
2;131072;694;1;4;3;0;1;1;1;1;1;2;1;1;104,76;2,31988501548767;5,82037401199341;9,90909099578857;1,95454502105713;0,977272987365723;30536;0,404220014810562;5,06976699829102;31,8348617553711;0,572099983692169;0,472155004739761;59250,25;0;0,0919729992747307;0;0;0;0;29842;0;100;8,42316246032715;9,90909099578857;0,152082994580269;0,0760409981012344;30536;1,6492110490799;65,1558990478516;31,8348617553711;17,5290050506592;16,312707901001;59250,25;0;28,5343418121338;0;0;0;0;29495;0;100;-1;-1;-1;-1;-1;-1;-1;-1;-1;-1;-1;-1;-1;-1;-1;-1;-1;-1;-1;-1;243,031154222488;
2;262144;952;1;4;3;0;1;1;1;1;1;2;1;1;104,78;2,50630307197571;7,94503211975098;10;2;1;81872;0,563268005847931;5;32;13,7268409729004;14,4321546554565;162554;0;0,816582977771759;0;0;0;0;81277;0;100;12,3823709487915;10;2;1;81872;2,09287190437317;5;32;33,3875350952148;31,8073120117188;162554;0;51,6622772216797;0;0;0;0;81100,25;0;100;-1;-1;-1;-1;-1;-1;-1;-1;-1;-1;-1;-1;-1;-1;-1;-1;-1;-1;-1;-1;262,610435881615;
2;524288;1190;1;4;3;0;1;1;1;1;1;2;1;1;93,6259047619048;2,78067207336426;10,8232822418213;9,97674465179443;1,98837196826935;0,994185984134674;204680;0,724279999732971;5,01754379272461;31,9580421447754;41,3959770202637;41,9127426147461;406236,25;0;7,57629203796387;0;0;0;0;203490;0;100;19,4026927947998;9,97674465179443;0,628974974155426;0,314487010240555;16856;2,31204509735107;15,861912727356;31,9580421447754;45,7978477478027;44,0397834777832;33454,75;0;70,5818405151367;0;0;0;0;16709;0;100;-1;-1;-1;-1;-1;-1;-1;-1;-1;-1;-1;-1;-1;-1;-1;-1;-1;-1;-1;-1;260,34293871489;
2;1048576;980;1;4;3;0;1;1;1;1;1;2;1;1;106,125;5,80306100845337;15,4269828796387;10;2;1;335160;0,854107975959778;5;32;64,3606109619141;64,4233016967773;669095;0;37,6000785827637;0;0;0;0;334547,5;0;100;26,7415332794189;10;2,1678318977356;1,0839159488678;48906;2,69719290733337;4,61290311813354;32;30,9745655059814;28,8984813690186;97633,25;0;64,9000549316406;0;0;0;0;48790,375;0;100;-1;-1;-1;-1;-1;-1;-1;-1;-1;-1;-1;-1;-1;-1;-1;-1;-1;-1;-1;-1;615,849849522114;
2;2097152;709;1;4;3;0;1;1;1;1;1;2;1;1;111,3325;4,7686882019043;18,8221130371094;9,9941520690918;1,9970760345459;0,998538017272949;484956;0,977608025074005;5,00439310073853;31,9894676208496;78,2060012817383;78,2310791015625;968050,875;0;62,7265625;0;0;0;0;484264,875;0;100;32,5887069702148;9,9941520690918;0,864405989646912;0,432202994823456;45828;3,42086291313171;11,5618715286255;31,9894676208496;21,1942768096924;18,4737930297852;91480,125;0;36,6395568847656;0;0;0;0;45727,5;0;100;-1;-1;-1;-1;-1;-1;-1;-1;-1;-1;-1;-1;-1;-1;-1;-1;-1;-1;-1;-1;530,90997923851;
2;4194304;433;1;4;3;0;1;1;1;1;1;2;1;1;141,468421052632;7,16859102249146;18,6391124725342;10;2;1;591478;0,352744996547699;5;32;60,4834442138672;61,5879859924316;1182414,75;0;89,0531997680664;0;0;0;0;591537,25;0;100;41,0178184509277;10;0,19718299806118;0,0985919982194901;96986;2,9664568901062;50,7142868041992;32;10,8097715377808;8,45194816589355;193883,25;0;18,4550075531006;0;0;0;0;96930,0625;0;100;-1;-1;-1;-1;-1;-1;-1;-1;-1;-1;-1;-1;-1;-1;-1;-1;-1;-1;-1;-1;1014,12925312394;
2;8388608;216;1;4;3;0;1;1;1;1;1;2;1;1;162,1875;12,0185194015503;27,7835083007813;9,99853610992432;1,99926805496216;0,999634027481079;590112;0,194115996360779;5,00109910964966;31,9973640441895;15,8166666030884;16,0087432861328;1179657;0;97,0758666992188;0;0;0;0;590126,125;0;100;65,4974365234375;9,99853610992432;2,27694392204285;1,13847196102142;98352;1,50418102741241;4,3912091255188;31,9973640441895;3,2530529499054;2,05309391021729;196609,5;0;4,85066080093384;0;0;0;0;98298;0;100;-1;-1;-1;-1;-1;-1;-1;-1;-1;-1;-1;-1;-1;-1;-1;-1;-1;-1;-1;-1;1949,25361543894;
2;16777216;134;1;4;3;0;1;1;1;1;1;2;1;1;166,1;21,5597019195557;30,6033916473389;10;2;1;731908;0,197239995002747;5;32;6,71350479125977;6,69150590896606;1463648,5;0;98,4331207275391;0;0;0;0;732006,125;0;100;69,5661926269531;10;12;6;16386;1,48696494102478;0,833333015441895;32;2,17980694770813;1,01172804832458;32768,25;0;2,22419810295105;0;0;0;0;16383,625;0;100;-1;-1;-1;-1;-1;-1;-1;-1;-1;-1;-1;-1;-1;-1;-1;-1;-1;-1;-1;-1;3581,0664888382;
2;33554432;72;1;4;3;0;1;1;1;1;1;2;1;1;160,769444444444;40,6944427490234;20,447135925293;9,9996337890625;1,99981701374054;0,999907970428467;786528;0,628066003322601;5,00027513504028;31,999340057373;13,5746536254883;13,8274040222168;1572867;0;91,9101257324219;0;0;0;0;786695,875;0;100;71,1391372680664;9,9996337890625;5,99945116043091;2,9997251033783;32772;1,61834394931793;1,66675794124603;31,999340057373;2,57663106918335;1,29000103473663;65536,125;0;2,85990405082703;0;0;0;0;32767,5;0;100;-1;-1;-1;-1;-1;-1;-1;-1;-1;-1;-1;-1;-1;-1;-1;-1;-1;-1;-1;-1;6542,42295273675;
2;67108864;35;1;4;3;0;1;1;1;1;1;2;1;1;167,684375;79,542854309082;33,4655838012695;10;2;1;764610;0,199597001075745;5;32;1,98157703876495;1,86189305782318;1529176,25;0;97,9091491699219;0;0;0;0;764799;0;100;69,4368438720703;10;0,75;0,375;58256;1,61678600311279;13,3333330154419;32;2,43936800956726;1,15499496459961;116509,5;0;2,57956409454346;0;0;0;0;58254,375;0;100;-1;-1;-1;-1;-1;-1;-1;-1;-1;-1;-1;-1;-1;-1;-1;-1;-1;-1;-1;-1;13338,0938105345;
2;65536;1587;1;4;3;0;1;2;1;1;2;2;1;2;108,227777777778;1,91556394100189;3,38695406913757;10;2;1;34914;0,434520989656448;5;32;0,347617000341415;0;67844,25;0;0;0;0;0;0;33922,125;0;100;4,71679210662842;10;3,10077500343323;1,55038797855377;2838;2,3122570514679;3,22499990463257;32;6,11806917190552;4,42683506011963;5514,75;0;0,179346993565559;0;0;0;0;2733,1875;0;100;-1;-1;-1;-1;-1;-1;-1;-1;-1;-1;-1;-1;-1;-1;-1;-1;-1;-1;-1;-1;207,317228525877;
2;131072;1754;1;4;3;0;1;2;1;1;2;2;1;2;107,9;2,0176739692688;4,40683698654175;9,90909099578857;1,95454502105713;0,977272987365723;77176;0,620544016361237;5,06976699829102;31,8348617553711;0,816564977169037;0,619322001934052;149747,75;0;0,00236700009554625;0;0;0;0;75422;0;100;6,35277223587036;9,90909099578857;5,31126499176025;2,65563201904297;2024;3,72390103340149;1,86567401885986;31,8348617553711;13,4854936599731;10,6842126846313;3927,25;0;1,62860298156738;0;0;0;0;1955;0;100;-1;-1;-1;-1;-1;-1;-1;-1;-1;-1;-1;-1;-1;-1;-1;-1;-1;-1;-1;-1;217,707021284103;
2;262144;1515;1;4;3;0;1;2;1;1;2;2;1;2;107,8225;2,19670009613037;6,43602180480957;10;2;1;130290;0,775853991508484;5;32;17,1859378814697;17,6647338867188;258686,25;0;0,255578011274338;0;0;0;0;129343,125;0;100;8,13693618774414;10;8;4;4902;5,33273792266846;1,25;32;33,3709831237793;29,2042770385742;9732,75;0;3,29107904434204;0;0;0;0;4855,6875;0;100;-1;-1;-1;-1;-1;-1;-1;-1;-1;-1;-1;-1;-1;-1;-1;-1;-1;-1;-1;-1;236,853696115017;
2;524288;1333;1;4;3;0;1;2;1;1;2;2;1;2;108,089473684211;2,4426109790802;10,0236339569092;9,97674465179443;1,98837196826935;0,994185984134674;229276;0,915202021598816;5,01754379272461;31,9580421447754;48,5464401245117;48,5828895568848;455052,875;0;4,45057916641235;0;0;0;0;227943;0;100;10,819052696228;9,97674465179443;1,68246901035309;0,841234028339386;31304;6,82698583602905;5,92982387542725;31,9580421447754;58,3009643554688;53,3320045471191;62130,25;0;14,5073614120483;0;0;0;0;31031;0;100;-1;-1;-1;-1;-1;-1;-1;-1;-1;-1;-1;-1;-1;-1;-1;-1;-1;-1;-1;-1;264,020535144053;
2;1048576;1234;1;4;3;0;1;2;1;1;2;2;1;2;107,911904761905;2,81442499160767;15,4300308227539;10;2;1;422028;1,00278604030609;5;32;69,8756256103516;69,8170471191406;842513,5;0;30,6468315124512;0;0;0;0;421256,75;0;100;14,4386405944824;10;0,555555999279022;0,277777999639511;49248;8,06146907806396;18;32;73,0141067504883;66,7326889038086;98316;0;19,7864723205566;0;0;0;0;49131;0;100;-1;-1;-1;-1;-1;-1;-1;-1;-1;-1;-1;-1;-1;-1;-1;-1;-1;-1;-1;-1;303,709961653891;
2;2097152;877;1;4;3;0;1;2;1;1;2;2;1;2;111,547368421053;3,39908790588379;24,0173625946045;9,9941520690918;1,9970760345459;0,998538017272949;599868;1,05198395252228;5,00439310073853;31,9894676208496;82,0992736816406;82,0883560180664;1197433,875;0;62,1062660217285;0;0;0;0;598996,625;0;100;21,0502681732178;9,9941520690918;5,5474328994751;2,77371692657471;24624;7,61948108673096;1,8015810251236;31,9894676208496;87,476432800293;81,5733489990234;49153,5;0;15,1591358184814;0;0;0;0;24570;0;100;-1;-1;-1;-1;-1;-1;-1;-1;-1;-1;-1;-1;-1;-1;-1;-1;-1;-1;-1;-1;379,159310933163;
2;4194304;565;1;4;3;0;1;2;1;1;2;2;1;2;143,067647058824;4,90973520278931;21,2436294555664;10;2;1;771790;0,441884011030197;5;32;74,3112106323242;75,6170806884766;1542873,75;0;87,44921875;0;0;0;0;771842,375;0;100;33,2731018066406;10;1,19230794906616;0,596153974533081;71032;7,30366611480713;8,3870964050293;32;93,0596389770508;87,3448791503906;141999;0;27,3701610565186;0;0;0;0;70990;0;100;-1;-1;-1;-1;-1;-1;-1;-1;-1;-1;-1;-1;-1;-1;-1;-1;-1;-1;-1;-1;702,424263144942;
2;8388608;333;1;4;3;0;1;2;1;1;2;2;1;2;99,2;8,10510540008545;24,2123107910156;9,99853610992432;1,99926805496216;0,999634027481079;909756;0,466188013553619;5,00109910964966;31,9973640441895;46,1736946105957;47,3248100280762;1818637,875;0;93,2096405029297;0;0;0;0;909729,25;0;100;35,1282997131348;9,99853610992432;1,60810697078705;0,804053008556366;125672;7,36840915679932;6,21758222579956;31,9973640441895;96,1135559082031;90,4480514526367;251223,25;0;25,6942005157471;0;0;0;0;125603,375;0;100;-1;-1;-1;-1;-1;-1;-1;-1;-1;-1;-1;-1;-1;-1;-1;-1;-1;-1;-1;-1;804,026455688477;
2;16777216;179;1;4;3;0;1;2;1;1;2;2;1;2;163,302941176471;15,5083799362183;28,0774478912354;10;2;1;977698;0,299643993377686;5;32;10,0206432342529;9,989821434021;1955172,25;0;97,9124526977539;0;0;0;0;977815,875;0;100;41,3353996276855;10;1,17647099494934;0,588235020637512;92854;5,60609722137451;8,5;32;97,72216796875;93,4291152954102;185686,75;0;16,3159828186035;0;0;0;0;92840,1875;0;100;-1;-1;-1;-1;-1;-1;-1;-1;-1;-1;-1;-1;-1;-1;-1;-1;-1;-1;-1;-1;2532,56405646661;
2;33554432;95;1;4;3;0;1;2;1;1;2;2;1;2;165,014705882353;29,9578952789307;28,8331146240234;9,9996337890625;1,99981701374054;0,999907970428467;1037780;0,29883599281311;5,00027513504028;31,999340057373;5,52590990066528;5,40608215332031;2075310,625;0;98,4013061523438;0;0;0;0;1037932,75;0;100;48,182933807373;9,9996337890625;1,37487399578094;0,687436997890472;174784;4,45837879180908;7,27312707901001;31,999340057373;98,2770385742188;94,9762725830078;349526;0;16,726806640625;0;0;0;0;174760;0;100;-1;-1;-1;-1;-1;-1;-1;-1;-1;-1;-1;-1;-1;-1;-1;-1;-1;-1;-1;-1;4943,49327830707;
2;67108864;48;1;4;3;0;1;2;1;1;2;2;1;2;164,991176470588;58,5416679382324;30,0125865936279;10;2;1;1048608;0,293682992458344;5;32;2,7510290145874;2,56176996231079;2097156;0;96,858268737793;0;0;0;0;1048803,75;0;100;54,0535278320313;10;16;8;21846;4,04571914672852;0,625;32;98,3381805419922;95,3698577880859;43690,75;0;15,6569042205811;0;0;0;0;21845,1875;0;100;-1;-1;-1;-1;-1;-1;-1;-1;-1;-1;-1;-1;-1;-1;-1;-1;-1;-1;-1;-1;9658,85866567948;
